id,name,name_he,url,link_verdict,section,subsection,group,access,languages,tags,summary,edition,page,number,status_note
biu-library-talmud-oral-law,Talmud & Oral Law | Libraries and Information System | Bar-Ilan University,,https://lib.biu.ac.il/en/db-subject/217,unverified,Intro,Existing Guides,Guides by librarians,open,"en, he","bibliography, talmud",Bar-Ilan University library's subject list of databases for Talmud and Oral Law.,2023,5,1,
biu-library-jewish-history,Jewish History | Libraries and Information System | Bar-Ilan University,,https://lib.biu.ac.il/en/db-subject/198,unverified,Intro,Existing Guides,Guides by librarians,open,"en, he","bibliography, history",Bar-Ilan University library's subject list of databases for Jewish history.,2023,5,2,
herzog-library-hebrew-language,Herzog College Library - Databases for the Hebrew Language Department,המכללה האקדמית הרצוג < ספריות < מאגרים בחוג ללשון עברית,https://old.herzog.ac.il/library-page/%D7%9E%D7%90%D7%92%D7%A8%D7%99%D7%9D-%D7%91%D7%97%D7%95%D7%92-%D7%9C%D7%9C%D7%A9%D7%95%D7%9F-%D7%A2%D7%91%D7%A8%D7%99%D7%AA/,moved,Intro,Existing Guides,Guides by librarians,open,he,"bibliography, hebrew-language",Herzog Academic College library page that lists databases for the study of the Hebrew language.,2023,5,3,
herzog-library-jewish-thought,Herzog College Library - Databases for the Jewish Thought Department,המכללה האקדמית הרצוג < ספריות < מאגרים בחוג למחשבת ישראל,https://old.herzog.ac.il/library-page/%D7%9E%D7%90%D7%92%D7%A8%D7%99%D7%9D-%D7%91%D7%97%D7%95%D7%92-%D7%9C%D7%9E%D7%97%D7%A9%D7%91%D7%AA-%D7%99%D7%A9%D7%A8%D7%90%D7%9C/,moved,Intro,Existing Guides,Guides by librarians,open,he,"bibliography, philosophy",Herzog Academic College library page that lists databases for the study of Jewish thought.,2023,5,4,
herzog-library-hebrew-literature,Herzog College Library - Databases for the Hebrew Literature Department,המכללה האקדמית הרצוג < ספריות < מאגרים בחוג לספרות עברית,https://old.herzog.ac.il/library-page/%D7%9E%D7%90%D7%92%D7%A8%D7%99%D7%9D-%D7%91%D7%97%D7%95%D7%92-%D7%9C%D7%A1%D7%A4%D7%A8%D7%95%D7%AA-%D7%A2%D7%91%D7%A8%D7%99%D7%AA/,moved,Intro,Existing Guides,Guides by librarians,open,he,bibliography,Herzog Academic College library page that lists databases for the study of Hebrew literature.,2023,5,5,
cjh-libguides-az-databases,Center for Jewish History > LibGuides > A-Z Databases,,https://libguides.cjh.org/az.php,ok,Intro,Existing Guides,Guides by librarians,open,en,"bibliography, history",Alphabetical directory of databases from the library guides of the Center for Jewish History in New York.,2023,5,6,
safranim-blog-online-jewish-bookshelf,The Online Jewish Bookshelf - Databases and Scanned-Book Sites | Safranim's Blog,ארון הספרים היהודי המקוון – מאגרי מידע ואתרי ספרים סרוקים,https://safranim.com/2010/12/01/%D7%90%D7%A8%D7%95%D7%9F-%D7%94%D7%A1%D7%A4%D7%A8%D7%99%D7%9D-%D7%94%D7%99%D7%94%D7%95%D7%93%D7%99-%D7%94%D7%9E%D7%9E%D7%95%D7%97%D7%A9%D7%91-%D7%9E%D7%90%D7%92%D7%A8%D7%99-%D7%9E%D7%99%D7%93%D7%A2/,ok,Intro,Existing Guides,Guides by librarians,open,he,"bibliography, printed-books, blog",Post on the Israeli librarians' blog Safranim (December 2010) that lists Jewish databases and sites with scanned books.,2023,5,7,
northwestern-jewish-studies-websites,Recommended Websites - *Jewish Studies - Research Guides at Northwestern University,,https://libguides.northwestern.edu/c.php?g=114862&p=749233,ok,Intro,Existing Guides,Guides by librarians,open,en,bibliography,Northwestern University library research guide with recommended websites for Jewish Studies.,2023,5,8,
penn-judaica-etexts,eTexts - Directory of Judaica online resources - Guides at Penn Libraries,,https://guides.library.upenn.edu/judaica-resources/etexts,ok,Intro,Existing Guides,Guides by librarians,open,en,"bibliography, printed-books","Penn Libraries directory of online Judaica resources, section on electronic texts.",2023,5,9,
jhu-jewish-studies-research-resources,Resources for Doing Research - Jewish Studies - Guides at Johns Hopkins University,,https://guides.library.jhu.edu/jewish-studies/research-resources,ok,Intro,Existing Guides,Guides by librarians,open,en,bibliography,Johns Hopkins University library guide to research resources for Jewish Studies.,2023,5,10,
georgetown-hebrew-reference-works,Reference Works - Hebrew and Jewish Studies - Guides at Georgetown University,,https://guides.library.georgetown.edu/hebrew/reference,ok,Intro,Existing Guides,Guides by librarians,open,en,"bibliography, encyclopedia, dictionary",Georgetown University library guide to reference works for Hebrew and Jewish Studies.,2023,5,11,
eajs-turning-the-page,Turning the Page: Jewish Print Cultures & Digital Humanities - An EAJS Roundtable,,https://www.eurojewishstudies.org/wp-content/uploads/2018/06/eajs-resources-17-09-07.pdf,ok,Intro,Existing Guides,Guides by librarians,open,en,"bibliography, digital-humanities, printed-books",PDF resource list from a European Association for Jewish Studies roundtable on Jewish print cultures and digital humanities (file dated 2017-2018).,2023,5,12,
nyu-digital-collection-gateways,Digital Collection Gateways: a Selection - Hebrew and Judaic Studies - Research Guides at New York University,,https://guides.nyu.edu/c.php?g=276652&p=1845363,ok,Intro,Existing Guides,Guides by librarians,open,en,bibliography,New York University library guide with a selection of gateways to digital collections for Hebrew and Judaic Studies.,2023,5,13,
frankfurt-fid-online-resources,Online Resources Jewish Studies (FID Jewish Studies),,https://www.jewishstudies.de/en/service/informationssammlung/digitale-angebote/digitale-angebote-judische-studien/,ok,Intro,Existing Guides,Guides by librarians,open,"en, de",bibliography,"List of digital resources for Jewish Studies from the FID Jewish Studies service (University Library Frankfurt am Main), now on jewishstudies.de.",2023,5,14,
jewish-museum-berlin-links,Links to Other Libraries and Archives | Jewish Museum Berlin,,https://www.jmberlin.de/en/links-other-libraries-and-archives,ok,Intro,Existing Guides,Guides by librarians,open,"en, de","bibliography, catalog","Jewish Museum Berlin page of links to other libraries, archives, library portals, and directories for research on Jewish topics.",2023,5,15,
huc-free-online-resources,Free Online Resources - HUC,,https://huc.edu/libraries/free-online-resources/,ok,Intro,Existing Guides,Guides by librarians,open,en,bibliography,Hebrew Union College libraries' list of free online resources.,2023,5,16,
hewiki-torah-database,Torah database - Hebrew Wikipedia,מאגר תורני – ויקיפדיה,https://he.wikipedia.org/wiki/%D7%9E%D7%90%D7%92%D7%A8_%D7%AA%D7%95%D7%A8%D7%A0%D7%99,ok,Intro,Existing Guides,Other Guides,open,he,"encyclopedia, search","Hebrew Wikipedia article on Torah databases, with an overview of digital collections of Jewish texts.",2023,5,1,
enwiki-torah-database,Torah database - Wikipedia,,https://en.wikipedia.org/wiki/Torah_database,ok,Intro,Existing Guides,Other Guides,open,en,"encyclopedia, search",English Wikipedia article on Torah databases and digital collections of Jewish texts.,2023,5,2,
enwiki-rabbinic-literature-external-links,Rabbinic literature - Wikipedia > “External links”,,https://en.wikipedia.org/wiki/Rabbinic_literature#External_links,ok,Intro,Existing Guides,Other Guides,open,en,encyclopedia,The external-links section of the English Wikipedia article on rabbinic literature.,2023,5,3,
safa-ivrit-links,The Hebrew Language - Links,השפה העברית - קישורים,https://www.safa-ivrit.org/links.php,ok,Intro,Existing Guides,Other Guides,open,he,hebrew-language,Links page of the Hebrew-language website safa-ivrit.org.,2023,5,4,
daf-yomi-portal-virtual-library,Daf Yomi Portal: Virtual Library,פורטל הדף היומי: ספריה וירטואלית,http://daf-yomi.com/content.aspx?PageId=210,ok,Intro,Existing Guides,Other Guides,open,he,"talmud, printed-books","Virtual library page of the Daf Yomi portal (daf-yomi.com), with links to online Talmud texts and tools.",2023,5,5,
daf-yomi-portal-textual-variants,Daf Yomi Portal: Textual Versions and Variants,פורטל הדף היומי: נוסחאות וגירסאות,http://daf-yomi.com/content.aspx?PageId=110,ok,Intro,Existing Guides,Other Guides,open,he,"talmud, manuscripts",Daf Yomi portal page with links to resources on textual versions and variant readings of the Talmud.,2023,5,6,
halacha-brura-virtual-library,Halacha Brura > Virtual Library,הלכה ברורה < ספרייה וירטואלית,http://www.halachabrura.org/alephlink.htm,ok,Intro,Existing Guides,Other Guides,open,he,"halakha, talmud",Virtual-library links page of the Halacha Brura institute.,2023,5,7,
talmud-blog-search-engines,Search Engines and Other Web-Resources | The Talmud Blog,,https://thetalmud.blog/toolbox/search-engines-and-other-web-resources/,ok,Intro,Existing Guides,Other Guides,open,en,"talmud, search, blog",Toolbox page of The Talmud Blog that lists search engines and other web resources for Talmud study.,2023,5,8,
talmud-blog-textual-witnesses,Textual Witnesses | The Talmud Blog,,https://thetalmud.blog/toolbox/textual-witnesses-pictures-transcriptions-descriptions-and-synopsi/,ok,Intro,Existing Guides,Other Guides,open,en,"talmud, manuscripts, blog","Toolbox page of The Talmud Blog on textual witnesses: images, transcriptions, descriptions, and synopses.",2023,5,9,
rabbinics-org,Rabbinics,,https://www.rabbinics.org/,ok,Intro,Existing Guides,Other Guides,open,en,"talmud, midrash","Rabbinics.org, a website for the study of rabbinic literature.",2023,5,10,
dhjewish-projects,#DHJewish Jewish Studies & Digital Humanities Projects,,https://dhjewish.org/projects,unverified,Intro,Existing Guides,Other Guides,open,en,digital-humanities,Directory of digital humanities projects in Jewish Studies from the #DHJewish community.,2023,6,11,
lerner-online-resources-talmud,"Online Resources for Talmud Research, Study, and Teaching",,https://associationforjewishstudies.org/docs/default-source/ajs-perspectives/ajsp10fa.pdf?sfvrsn=3bfadb06_2,moved,Intro,Existing Guides,Other Guides,open,en,talmud,Article by Heidi Lerner for the Association for Jewish Studies (Fall 2010) that surveys online resources for Talmud.,2023,6,12,
maanelashon-useful-links,Useful Links (Maane Lashon),קישורים שימושיים,https://www.maanelashon.org/links,dead,Intro,Existing Guides,Other Guides,open,he,hebrew-language,Links list by Uriel Frank on the Maane Lashon website.,2023,6,13,
olami-top-torah-research-sites,The Top Sites to do Torah Research in the Internet Era | OLAMI Resources,,http://nleresources.com/2018/12/the-top-sites-to-do-torah-research-in-the-internet-era/#.YkTAlihBxPY,ok,Intro,Existing Guides,Other Guides,open,en,search,"Article by Reuven Chaim Klein (December 12, 2018) on the best websites for Torah research.",2023,6,14,
tanen-sources-on-the-net,Sources on the Net,,https://docs.google.com/document/u/1/d/1ZfHfZsLh2qYBM6Q6Qp18csQvYQMBUOvjfwPCRn9iyJk/mobilebasic,ok,Intro,Existing Guides,Other Guides,open,en,bibliography,Google Doc list of online Jewish sources by Dr. Melech Tanen.,2023,6,15,
mivami-excellent-talmud-projects,mi vami: Some excellent Talmud projects out there,,https://blog.mivami.org/2020/03/some-excellent-talmud-projects-out-there.html,ok,Intro,Existing Guides,Other Guides,open,en,"talmud, blog","Blog post by R' Josh Waxman (March 5, 2020) on notable Talmud projects.",2023,6,16,
jewish-digital-collections,Jewish Digital Collections and Jewish Study Guides,,http://www.jewishdigitalcollections.com/,ok,Intro,Existing Guides,Other Guides,open,en,"bibliography, catalog",Website by Diane Romm that collects Jewish digital collections and Jewish Studies guides; published no later than 2018.,2023,6,17,
jewish-guide-to-the-internet,The Jewish Guide to the Internet,,https://www.jewishinternetguide.com/,ok,Intro,Existing Guides,Other Guides,open,en,bibliography,Website by Diane Romm that guides users to Jewish resources on the internet.,2023,6,18,
koppel-shmidman-torah-study-digital-revolution,"Moshe Koppel and Avi Shmidman, “Torah Study and the Digital Revolution: A Glimpse of the Future”",,https://thelehrhaus.com/commentary/torah-study-and-the-digital-revolution-a-glimpse-of-the-future/,ok,Intro,Existing Guides,Other Guides,open,en,"digital-humanities, ai",Essay in The Lehrhaus (2020) on digital humanities tools for Torah study and what automation may soon make possible.,2023,6,19,
secunda-resources-critical-study,"Shai Secunda, “Resources for the Critical Study of Rabbinic Literature in the Twenty-First Century”",,https://www.academia.edu/83275646/Resources_for_the_Critical_Study_of_Rabbinic_Literature_in_the_Twenty_First_Century_in_Compendia_Rerum_Iudaicarum_ad_Novum_Testamentum_CRINT_16_Christine_Hayes_ed_Leiden_The_Netherlands_Brill_2022_pp_621_632,unverified,Intro,Existing Guides,Other Guides,open,en,"talmud, digital-humanities, bibliography","Book chapter by Shai Secunda (CRINT 16, 2022) on resources for the critical study of rabbinic literature, including digital corpora.",2023,6,20,
sefaria,Sefaria,ספריא,https://www.sefaria.org/texts,ok,Primary Texts,Books - text format - popular editions,Open-access,open,"he, en, arc","talmud, mishnah, translation, bible-commentary, dictionary, api","Large free library of Jewish texts with linked commentaries and many English translations, including the Steinsaltz Talmud and Guggenheimer Yerushalmi.",2023,8,1,
al-hatorah,Al-Hatorah,על-התורה,https://alhatorah.org/,ok,Primary Texts,Books - text format - popular editions,Open-access,open,"he, en, arc","bible-commentary, talmud, mishnah, midrash, critical-edition, translation, visualization","Free library strong in medieval Tanakh and Talmud commentaries, with new digital editions of many commentaries, study tools, translations and visualizations.",2023,9,2,
wikisource-hebrew,Wikisource - Hebrew,ויקיטקסט,https://he.wikisource.org/wiki/%D7%A2%D7%9E%D7%95%D7%93_%D7%A8%D7%90%D7%A9%D7%99,ok,Primary Texts,Books - text format - popular editions,Open-access,open,he,"printed-books, transcription, mishnah, halakha","Crowd-sourced Hebrew Wikimedia library of transcribed texts; large but uneven and incomplete, and a source many other sites draw on.",2023,10,3,
ben-yehuda-project,Ben-Yehuda Project,פרויקט בן-יהודה,https://benyehuda.org/,ok,Primary Texts,Books - text format - popular editions,Open-access,open,he,"piyyut, printed-books","Free digital library of Hebrew literature from the Middle Ages to today, including piyyutim from Late Antiquity and the medieval period.",2023,11,4,
an-invitation-to-piyut,An Invitation to Piyut,הזמנה לפיוט,https://www.nli.org.il/he/discover/music/jewish-music/piyut,moved,Primary Texts,Books - text format - popular editions,Open-access,open,he,"piyyut, liturgy","Large database of transcribed piyyutim, from a cultural-educational project that preserves and revives Jewish piyyut and prayer traditions.",2023,11,5,
grimoar,Grimoar,,http://hebrew.grimoar.cz/,ok,Primary Texts,Books - text format - popular editions,Open-access,open,"he, arc","kabbalah, philosophy",Database of typed Kabbalah and Jewish-thought books; it gives no bibliographic information about the editions or manuscripts used.,2023,11,6,
kodesh-snunit,Kodesh.Snunit,סנונית - מאגר ספרות הקודש,https://kodesh.snunit.k12.il/i/tr/t0101.htm,ok,Primary Texts,Books - text format - popular editions,Open-access,open,he,"talmud, mishnah",Database of basic rabbinic texts from the Snunit educational site.,2023,11,7,
mamre-institute,Mamre Institute,מכון ממרא,https://mechon-mamre.org/,ok,Primary Texts,Books - text format - popular editions,Open-access,open,"he, arc","talmud, mishnah, halakha","Israeli institute offering accurate texts of the Bible, Mishnah, Tosefta, both Talmuds, Mishneh Torah and Targum Onkelos.",2023,11,8,
mercava,Mercava,,https://www.themercava.com/app/books/metanav/1695,ok,Primary Texts,Books - text format - popular editions,Open-access,open,"he, arc",talmud,Digital edition of the Talmud shown in the traditional page layout (tzurat hadaf).,2023,11,9,
tashma-jewish-office,Tashma - Jewish Office,תא שמע - אופיס יהודי,https://tashma.co.il/,moved,Primary Texts,Books - text format - popular editions,Open-access,registration,he,printed-books,"Text database that needs registration, with a dark-mode interface; it does not say which editions its works use.",2023,11,10,
zemirot-database,Zemirot Database,אוצר זמירות,https://www.zemirotdatabase.org/song_index.php,ok,Primary Texts,Books - text format - popular editions,Open-access,open,"he, en","liturgy, piyyut, translation","Editable online database of zemirot, liturgy and Jewish songs, with texts, translations, bibliographic and historical notes, and recordings.",2023,12,11,
open-siddur-project,Open Siddur Project,פרויקט הסדור הפתוח,https://opensiddur.org/,unverified,Primary Texts,Books - text format - popular editions,Open-access,open,"he, en","liturgy, digital-humanities","Open-source digital humanities project that publishes Jewish liturgy and related texts, including facsimiles and transcriptions of Maimonides’ Seder Tefillot.",2023,12,12,
chabad-library,Chabad Library,"ספריית חב""ד ליובאוויטש",https://chabadlibrary.org/books/,ok,Primary Texts,Books - text format - popular editions,Open-access,open,"he, yi",hasidut,Transcribed works of Chabad Hasidut.,2023,12,13,
ramhal-net,Ramhal.net,"קהילת הרמח""ל",https://ramhal.net/%d7%a1%d7%a4%d7%a8%d7%99-%d7%95%d7%9e%d7%90%d7%9e%d7%a8%d7%99-%d7%94%d7%a8%d7%9e%d7%97%d7%9c/,ok,Primary Texts,Books - text format - popular editions,Open-access,open,he,"kabbalah, philosophy","Transcribed works of the Ramhal, from a community founded in 2002 to make his teachings accessible.",2023,12,14,
hassidout-org,Hassidout.org,,https://www.hassidout.org/hassidout/Textes_Kodech/Kabbalah/index.php-rootid=103.htm,ok,Primary Texts,Books - text format - popular editions,Open-access,open,he,kabbalah,Transcribed works of Kabbalah.,2023,12,15,
bar-ilan-responsa-project,Bar Ilan Responsa Project,,https://www.responsa.co.il/home.en-US.aspx,ok,Primary Texts,Books - text format - popular editions,Requires subscription or purchase,subscription,"he, arc","responsa, halakha, talmud, search","Subscription database of a very large, highly accurate collection of Hebrew texts, especially responsa, plus Bible, Talmud, codes and Zohar.",2023,12,16,
maagarim,Ma'agarim - Historical Dictionary Project of the Hebrew Language,מאגרים - המילון ההיסטורי ללשון העברית,https://maagarim.hebrew-academy.org.il/Pages/PMain.aspx,ok,Primary Texts,Books - text format - scholarly editions,,open,he,"hebrew-language, dictionary, critical-edition, search","Academy of the Hebrew Language research database of carefully edited ancient Hebrew works, built for rigorous research rather than ease of use.",2023,12,17,
talmud-yerushalmi-digital-critical-edition,Talmud Yerushalmi digital critical edition,תלמוד ירושלמי מהדורה דיגיטלית,https://www.talmudyerushalmi.com/,ok,Primary Texts,Books - text format - scholarly editions,,open,"he, arc","talmud, critical-edition, digital-humanities",Prof. Menachem Katz's beta digital critical edition of the Jerusalem Talmud; in 2023 only tractate Yevamot was available.,2023,13,18,
schechter-midrash-project,Midrash Project - Schechter Institute of Jewish Studies,מפעל המדרש - מכון שכטר למדעי היהדות,https://schechter.ac.il/research-center/midrash/,ok,Primary Texts,Books - text format - scholarly editions,,open,"he, arc","midrash, critical-edition, manuscripts",Schechter Institute project offering synoptic editions of eight Midrashim.,2023,13,19,
vayikra-rabba-synoptic-edition,Vayikra Rabba - synoptic edition,ויקרא רבה - מהדורה סינופטית,http://www.biu.ac.il/JS/midrash/VR/,unverified,Primary Texts,Books - text format - scholarly editions,,open,"he, arc","midrash, critical-edition, manuscripts",Bar-Ilan University site with a complete synopsis of the manuscript versions of Vayikra Rabba.,2023,13,20,
zohar-aramaic-texts,Aramaic Texts of The Zohar,,https://www.sup.org/zohar/aramaic/,ok,Primary Texts,Books - text format - scholarly editions,,open,arc,"kabbalah, critical-edition",Aramaic text of the Zohar as prepared by Daniel Matt for the Pritzker edition; in 2023 only the unified PDF link worked.,2023,13,21,"As of 31-May-2023, only the unified PDF link worked."
moreh-nevuchim-markup,Moreh Nevuchim,מורה נבוכים,https://hamore.openapp.co.il/index.php/%D7%A2%D7%9E%D7%95%D7%93_%D7%A8%D7%90%D7%A9%D7%99,ok,Primary Texts,Books - text format - scholarly editions,,open,he,"philosophy, digital-humanities","Marked-up Hebrew text of Maimonides' Guide for the Perplexed, with a glossary and bibliography by Gershuni and Makbili.",2023,13,22,
inscriptions-of-israel-palestine,Inscriptions of Israel/Palestine,,https://library.brown.edu/iip/index/,unverified,Primary Texts,Books - text format - scholarly editions,,open,"he, arc, grc, la, en","epigraphy, history, translation","Brown University database of published inscriptions from Israel/Palestine (ca. 500 BCE - 640 CE), with transcriptions, images, translations and bibliography.",2023,13,23,
hebrewbooks,HebrewBooks,,https://hebrewbooks.org/,ok,Primary Texts,Books - PDF format,Open-access,open,"he, en","printed-books, search, ocr-htr","Large free library of scanned Torah books and journals, searchable by text, with a newer and more powerful beta search engine.",2023,13,1,
nli-books,National Library of Israel,הספרייה הלאומית,https://merhav.nli.org.il/primo-explore/search?vid=NLI&lang=iw_IL,unverified,Primary Texts,Books - PDF format,Open-access,open,"he, en",printed-books,"Scanned books from the National Library of Israel, found only by search or direct link; the guide gives search steps and the URL pattern.",2023,14,2,The guide notes that many outside links to the site are broken after website changes.
center-for-jewish-history,Center for Jewish History,,https://archives.cjh.org/,ok,Primary Texts,Books - PDF format,Open-access,open,"he, en",printed-books,"Digitized primary texts at the Center for Jewish History, hard to search but often reachable through the Halacha Brura index.",2023,14,3,
open-library,Open Library,,https://openlibrary.org/search/subjects?q=jewish+&mode=everything,ok,Primary Texts,Books - PDF format,Open-access,open,"en, he",printed-books,"Internet Archive project with thousands of relevant scanned books, searchable by subject.",2023,14,4,
massorti-com,Massorti.com,,,none,Primary Texts,Books - PDF format,Open-access,open,he,"printed-books, mishnah","Hosts Saul Lieberman's Tosefet Rishonim and Tosefta Kifshuta, with links in the Halacha Brura index.",2023,14,5,
abuelafia-blogspot,Abuelafia.blogspot,,http://abuelafia.blogspot.com/,ok,Primary Texts,Books - PDF format,Open-access,open,he,"kabbalah, printed-books",R' Amnon Gros's website with his recent editions of books by the medieval kabbalist Abraham Abulafia.,2023,14,6,
google-books,Google Books,,https://books.google.com/,ok,Primary Texts,Books - PDF format,Open-access,open,"he, en","printed-books, manuscripts, search","Search-only collection that includes a few hundred scanned manuscripts and early printed Hebrew works, findable through the Halacha Brura index.",2023,14,7,
israel613,Israel613,,http://www.israel613.com/,ok,Primary Texts,Books - PDF format,Open-access,open,he,"hasidut, printed-books","Eccentric haredi website that also has some PDFs of historical hasidic works, best reached through the Halacha Brura index.",2023,15,8,
google-drive,Google Drive,,,none,Primary Texts,Books - PDF format,Open-access,open,he,"printed-books, kabbalah","Individuals sometimes share book scans on Google Drive, for example the full set of Cordovero's Or Yakar.",2023,15,9,
epidat,Epidat,,http://www.steinheim-institut.de/cgi-bin/epidat?lang=en&release=beta&id=&info=&show=&project=,ok,Primary Texts,Books - PDF format,Open-access,open,"he, de, en","epigraphy, history, translation","Research database of Jewish gravestone inscriptions from historical European cemeteries, with transcriptions, translations and images.",2023,15,10,
machberet-menachamiyot,Machberet Menachamiyot,מחברות מנחמיות,,none,Primary Texts,Books - PDF format,Open-access,open,"he, arc","talmud, critical-edition","Prof. Menahem Katz's new formatted edition of Talmud Bavli tractate Kiddushin, published as PDFs on Academia.edu.",2023,15,11,
otzar-hahochma,Otzar HaHochma,אוצר החכמה,https://www.otzar.org/otzaren/indexeng.asp,ok,Primary Texts,Books - PDF format,Requires subscription or purchase,subscription,he,"printed-books, search, ocr-htr","Subscription database of over 110,000 scanned and OCR-searchable Torah and academic books, with paid publisher add-on packages.",2023,15,12,"The guide notes a temporary period of free access (from Oct-2021), which a commenter said was soon ending."
siddurim-database,Siddurim Database,מאגר הסידורים הממוחשב,,none,Primary Texts,Books - PDF format,Requires subscription or purchase,unknown,he,"liturgy, manuscripts, printed-books","Collection of more than a thousand manuscript and printed siddurim and machzorim, distributed by R' Aharon Gabbai.",2023,16,13,
ktiv,Ktiv,כתיב,https://www.nli.org.il/en/discover/manuscripts/hebrew-manuscripts,moved,Primary Texts,Manuscripts - General,Open-access,open,"he, arc, ar","manuscripts, catalog",National Library of Israel project that puts online high-resolution scans of Hebrew manuscripts from libraries around the world.,2023,16,1,
columbia-hebrew-manuscripts-archive-org,Hebrew Manuscripts : Free Texts,,https://archive.org/details/culhebrewmss?tab=collection,ok,Primary Texts,Manuscripts - General,Open-access,open,he,manuscripts,Internet Archive collection of Hebrew and Judaica manuscripts from Columbia University's Rare Book & Manuscript Library.,2023,17,2,
bodleian-vatican-digitized-hebrew-manuscripts,Digitized Items: Hebrew Manuscripts,,http://bav.bodleian.ox.ac.uk/digitized-items-hebrew-manuscripts,ok,Primary Texts,Manuscripts - General,Open-access,open,he,manuscripts,Joint Bodleian and Vatican project that digitized and freely shares selected Hebrew manuscripts from both libraries.,2023,17,3,
friedberg-projects,Friedberg projects,,,none,Primary Texts,Manuscripts - by Topic,,registration,"he, en, arc, ar","manuscripts, geniza, video","Overview of the Friedberg family of manuscript websites (Talmud, Geniza, transcriptions, Rambam, Yemenite and Judeo-Arabic collections), each listed separately.",2023,17,4,
hachi-garsinan,Hachi Garsinan - The Friedberg Project for Talmud Bavli Variants,הכי גרסינן,https://fjms.genizah.org/,moved,Primary Texts,Manuscripts - by Topic,,registration,"he, arc, en","talmud, manuscripts, geniza, critical-edition, transcription, catalog, search","Friedberg site with images and transcriptions of all Babylonian Talmud textual witnesses, with variant-comparison tools, search, and reference works like Dikdukei Sofrim.",2023,18,5,
friedberg-genizah-project,Friedberg Genizah Project,,https://fgp.genizah.org/,ok,Primary Texts,Manuscripts - by Topic,,registration,"he, en, arc, ar","geniza, manuscripts, catalog, transcription, bibliography","Friedberg database computerizing the Cairo Geniza corpus: images, identifications, catalogs, transcriptions, translations, bibliography, and image-processing research tools.",2023,18,6,
mahadura,Mahadura - the Friedberg Site for Transcriptions and Synopsis,מהדורא,https://fjms.genizah.org/,moved,Primary Texts,Manuscripts - by Topic,,registration,"he, en","manuscripts, transcription, critical-edition","Friedberg platform for creating and sharing manuscript transcriptions and synopses, with collaborative project groups; the author met many errors when browsing.",2023,19,7,2023: author got many errors when browsing existing projects.
yad-harambam,Yad Harambam,יד הרמב”ם - פרוייקט פרידברג לשינויי נוסחאות ברמב”ם,https://fjms.genizah.org/,moved,Primary Texts,Manuscripts - by Topic,,registration,he,"halakha, manuscripts, printed-books, transcription, critical-edition, search","Friedberg site presenting manuscripts and early printings of Maimonides' Mishneh Torah, with transcriptions, version synopsis, and full-text search.",2023,19,8,
nahum-collection-yemenite-manuscripts,The Nahum Collection of Yemenite Manuscripts,אוסף נחום לכתבי יד תימניים,https://nachumsite.genizah.org/,ok,Primary Texts,Manuscripts - by Topic,,registration,"he, ar","manuscripts, catalog","About 80,000 images of the Nahum Collection of Yemenite manuscripts, with short identifications, catalog entries, and a page-flipping viewer.",2023,20,9,
friedberg-judeo-arabic-project,The Friedberg Judeo-Arabic Project,פרויקט פרידברג לערבית יהודית,https://fjms.genizah.org/,moved,Primary Texts,Manuscripts - by Topic,,registration,"ar, he","dictionary, search, transcription, printed-books, digital-humanities","Searchable corpus of printed Judeo-Arabic works (to the 16th century) with page images and transcriptions, plus Friedman's Judeo-Arabic dictionary.",2023,20,10,
princeton-geniza-lab,Princeton Geniza Lab,,https://geniza.princeton.edu/en/documents/,ok,Primary Texts,Manuscripts - by Topic,,open,"ar, he, en","geniza, transcription, translation, search","Princeton Geniza Project database of over 30,000 records and 4,600 transcriptions and translations of documentary Geniza texts.",2023,21,11,
digital-mishnah-project,Digital Mishnah Project,,https://editions.erabbinica.org/,dead,Primary Texts,Manuscripts - by Topic,,open,he,"mishnah, manuscripts, critical-edition, digital-humanities",Digital edition of Mishnah manuscripts prepared by Hayim Lapin and Daniel Stökl Ben Ezra.,2023,21,12,
princeton-sefer-hasidim-database,Princeton University Sefer Hasidim Database,,https://etc.princeton.edu/sefer_hasidim/index.php?a=manuscripts,ok,Primary Texts,Manuscripts - by Topic,,open,he,"manuscripts, transcription","Database of fourteen manuscripts of Sefer Hasidim and its fragments, directed by Peter Schäfer.",2023,21,13,
qerovot-18-cairo-genizah,Qerovot-of-18 from the Cairo Genizah,,http://www.qerovot18.com/index.aspx,ok,Primary Texts,Manuscripts - by Topic,,open,he,"piyyut, liturgy, geniza, manuscripts, transcription, digital-humanities, critical-edition","Avi Shmidman's public-domain, TEI-encoded corpus of Palestinian Qerovot for the weekday Amidah, deciphered from Geniza fragments, viewable, searchable and downloadable.",2023,21,14,
ilanot-project,The Ilanot Project,מפעל האילנות,https://ilanot.org/,ok,Primary Texts,Manuscripts - by Topic,,open,"he, en","kabbalah, manuscripts, digital-humanities, visualization, critical-edition","""Maps of God"" portal of the Ilanot Project, presenting linked-data scholarly editions of kabbalistic diagram scrolls (ilanot).",2023,22,15,
lieberman-institute-talmud-text-databank,The Sol and Evelyn Henkind Talmud Text Databank; Primary Textual Witnesses to Tannaitic Literature,,https://www.lieberman-institute.com/,ok,Primary Texts,Manuscripts - by Topic,Requires subscription or purchase,subscription,"he, arc","talmud, mishnah, midrash, manuscripts, bibliography, search","Lieberman Institute / Bar-Ilan subscription site joining the Henkind Talmud Text Databank, a Talmudic reference index, and Tannaitic textual witnesses.",2023,22,16,
dicta,Dicta,,https://dicta.org.il/,ok,Tools for Navigating Primary Texts,Search and Related Tools,Open-access,open,he,"search, ai, digital-humanities, hebrew-language, talmud, critical-edition","Bar-Ilan-based suite of machine-learning tools for Hebrew texts: Bible and Talmud search, automatic vocalization, citation finding, abbreviation expansion, synopsis, and more.",2023,23,1,
sefaria-search,Sefaria search,,,none,Tools for Navigating Primary Texts,Search and Related Tools,Open-access,open,"he, en",search,Sefaria's full-text search across its library of Jewish texts.,2023,24,2,
transkribus-dijest,"Transkribus, Dijest model",,https://dijest.net/digitize-your-texts-with-transkribus/,unverified,Tools for Navigating Primary Texts,Tools for Transcription of manuscripts,,freemium,"he, yi, jrb, lad","ocr-htr, ai, transcription, printed-books, digital-humanities","Free public Transkribus text-recognition model (DiJeSt) for Hebrew-script languages, trained on printed Yiddish, Hebrew, Judeo-Arabic and Ladino texts.",2023,24,1,
escriptorium,Escriptorium,,https://gitlab.com/scripta/escriptorium,ok,Tools for Navigating Primary Texts,Tools for Transcription of manuscripts,,open,"he, arc","ocr-htr, ai, transcription, manuscripts, geniza, digital-humanities","Open-source platform for machine-learning recognition of handwritten documents, used for Geniza transcription and central to the ERC MiDRASH project on medieval Hebrew manuscripts.",2023,24,2,
merhav-bibliographic,Merhav - The National Library,מרחב - הספרייה הלאומית של ישראל,"https://merhav.nli.org.il/primo-explore/search?query=any,contains,NNL&sortby=rank&vid=NLI&lang=en_US",unverified,Tools for Navigating Primary Texts,Bibliographic Information and Indexes - General,Open-access,open,"he, en","catalog, bibliography, search, printed-books, manuscripts","The National Library of Israel's catalog, a major bibliographic resource and search tool covering some five million items.",2023,25,3,
bar-ilan-catalog,Bar-Ilan Catalog,,https://biu.primo.exlibrisgroup.com/,ok,Tools for Navigating Primary Texts,Bibliographic Information and Indexes - General,Open-access,open,"he, en","catalog, bibliography","Bar-Ilan University library catalog, with Jewish works missing from Merhav and Bar-Ilan dissertations.",2023,25,4,
sfardata,Sfardata,ספר-דתא,https://sfardata.nli.org.il/,unverified,Tools for Navigating Primary Texts,Bibliographic Information and Indexes - General,Open-access,open,"he, en","manuscripts, catalog, digital-humanities","Codicological database of about 5,000 dated Hebrew manuscripts, from the Hebrew Paleography Project and the work of Malachi Beit-Arié.",2023,25,5,
bibliography-of-the-hebrew-book,The Bibliography of The Hebrew Book,מפעל הביבליוגרפיה העברית,http://www.hebrew-bibliography.com/,ok,Tools for Navigating Primary Texts,Bibliographic Information and Indexes - General,Open-access,open,"he, yi, lad, jrb","bibliography, printed-books, catalog","Detailed bibliography of books printed in Hebrew characters from 1475 to about 1960, now part of the National Library's Merhav catalog.",2023,25,6,
halacha-brura-virtual-library-2,Halacha Brura Institute - Virtual Library,מכון הלכה ברורה - ספריה וירטואלית,http://www.halachabrura.org/alephlink.htm,ok,Tools for Navigating Primary Texts,Bibliographic Information and Indexes - General,Open-access,open,he,"bibliography, printed-books, catalog","Large index of links to full-text and scanned Jewish books scattered across websites, marked by site and file type.",2023,26,7,
thesaurus-of-talmudic-manuscripts,Thesaurus of Talmudic Manuscripts,,https://fjms.genizah.org/,ok,Tools for Navigating Primary Texts,Bibliographic Information and Indexes - General,Open-access,registration,"he, en","talmud, manuscripts, catalog, geniza","Online version of Sussman's catalog of Talmudic manuscripts, with Friedberg updates, hosted on the Hachi Garsinan site.",2023,26,8,
breuer-manuscript-scan-sites-list,List of websites and threads for scans of manuscripts and early printed books (Adiel Breuer),"רשימת אתרים ואשכולות לסריקות כת""י וספרי דפוס עתיקים",https://forum.otzar.org/viewtopic.php?f=7&t=22946,ok,Tools for Navigating Primary Texts,Bibliographic Information and Indexes - General,Open-access,open,he,"manuscripts, printed-books, forum, bibliography",2015 Otzar HaHochma forum post listing library portals and other sites with scanned Hebrew manuscripts and rare books.,2023,26,9,
talmud-yerushalmi-citation-database,Talmud Yerushalmi Citation Database,מאגרי מידע לתלמוד הירושלמי,https://yerushalmidb.com/,ok,Tools for Navigating Primary Texts,Bibliographic Information and Indexes - General,Requires subscription or purchase,subscription,he,"talmud, bibliography","Subscription database of citations for research on the Jerusalem Talmud, by Moshe Pinchuk.",2023,26,10,
bibja-judeo-arabic-bibliography,Bibliography of works in Judeo-Arabic,אתר פרידברג לביבלוגרפיה בערבית יהודית,http://bibja.genizah.org/,ok,Tools for Navigating Primary Texts,Bibliographic Information and Indexes - by Topic,,open,"jrb, he, en","bibliography, printed-books","Friedberg bibliography of some 1,500 printed Judeo-Arabic works from all regions and periods, with filtering.",2023,27,11,
penn-early-printed-hebrew-book-guide,Introduction - History of the Early Printed Hebrew Book - Guides at Penn Libraries,,https://guides.library.upenn.edu/earlyprintedhebrewbook,ok,Tools for Navigating Primary Texts,Bibliographic Information and Indexes - by Topic,,open,"en, he","bibliography, printed-books, history","University of Pennsylvania research guide with bibliographies on the early printed Hebrew book, c. 1470 to the seventeenth century.",2023,27,12,
parallels-in-yerushalmi,Parallels in Yerushalmi,מקבילות לירושלמי,https://www2.biu.ac.il/js/tl/yerushalmi/index.html,ok,Tools for Navigating Primary Texts,Databases,Open-access,open,he,"talmud, mishnah, midrash","Leib Moscovitz's lists of sources and parallels to the Jerusalem Talmud in Bible, Tannaitic literature, Yerushalmi, Midrash and sometimes Bavli.",2023,27,13,
elyonim-vetachtonim,Elyonim veTachtonim,,https://elyonimvetachtonim.project.uj.edu.pl/en_GB/databases/babylonian-talmud,ok,Tools for Navigating Primary Texts,Databases,Open-access,open,"en, he, arc","talmud, digital-humanities, visualization","Databases of supernatural entities in the Hebrew Bible and Babylonian Talmud, with tools for quantitative and qualitative analysis.",2023,27,14,
peace-project,"PEACE Project - Portal of Epigraphy, Archaeology, Conservation and Education on Jewish Funerary Culture",,https://peace.sites.uu.nl/epigraphy/search/,ok,Tools for Navigating Primary Texts,Databases,Open-access,open,"he, en","epigraphy, history, digital-humanities","Utrecht portal on Jewish funerary culture, with a searchable database of thousands of transcribed tombstone inscriptions.",2023,27,15,
seforimonline-database,Seforimonline.org,,https://www.seforimonline.org/seforim-database/,hijacked,Tools for Navigating Primary Texts,Databases,Open-access,open,he,"printed-books, manuscripts","Well-organized database of scanned Rabbinic works, sortable by place and year, with some rare manuscripts and early editions.",2023,28,16,
judaica-archival-project,Judaica Archival Project,,,none,Tools for Navigating Primary Texts,Databases,Open-access,open,"he, en","printed-books, bibliography",Microfilming project for rare Rabbinic books (1987 on); an archived catalog of its thousands of titles remains online.,2023,28,17,Available only as an archived (Wayback Machine) list.
responsa-project-works-list,List of works in Bar-Ilan University’s Responsa Project,,,none,Tools for Navigating Primary Texts,Databases,Open-access,open,he,"responsa, bibliography","Archived list of the thousands of primary works in the Bar-Ilan Responsa Project, by genre, with basic bibliographic data.",2023,28,18,Available only as an archived (Wayback Machine) list.
heichal-menahem,Heichal Menahem,היכל מנחם,https://www.heichal.co.il/departments/%D7%A1%D7%A4%D7%A8%D7%99%D7%9D/1,ok,Tools for Navigating Primary Texts,Databases,Open-access,open,he,"printed-books, bibliography","Online bookstore whose listings serve as an index of recent Hebrew books, with bibliographic details and pictures.",2023,28,19,
otzar-hadmuyot,Otzar Hadmuyot,,https://www.bonayich.com/project/otzar-hadmuyot/,ok,Tools for Navigating Primary Texts,Databases,Requires subscription or purchase,subscription,he,"talmud, mishnah, history, search","Bonayich's searchable database of Tannaim and Amoraim, with name variants, generations, places, relationships and scholarship on each sage.",2023,28,1,
daat,Daat,דעת,https://www.daat.ac.il/,ok,Secondary literature,Books,Open-access,open,he,printed-books,"Hebrew Judaica site with books as text and scanned PDFs, including out-of-copyright works and recent open-access scholarly books.",2023,29,1,
portal-hadaf-hayomi,Portal HaDaf HaYomi,פורטל הדף היומי,http://daf-yomi.com/BookFilesAll.aspx?PageId=211,ok,Secondary literature,Books,Open-access,open,he,"talmud, printed-books, geography","A few hundred scanned books, mostly on the Babylonian Talmud and often not found elsewhere, plus maps of Talmudic Babylonia.",2023,29,2,
society-interpretation-talmud,Society for the Interpretation of the Talmud,האיגוד לפרשנות התלמוד,http://www.talmudha-igud.org.il/nosafot.asp?lang=en&id=5,ok,Secondary literature,Books,Open-access,open,he,"talmud, bible-commentary",Free PDFs of the first seven volumes of a high-level scholarly Modern Hebrew commentary series on the Babylonian Talmud.,2023,29,3,
sifriyat-asif,Asif - Sifriyat Asif,אסיף - ספריית אסיף,https://asif.co.il/%d7%a1%d7%a4%d7%a8%d7%99%d7%99%d7%aa-%d7%99%d7%95%d7%9e%d7%90/%d7%a2%d7%91%d7%95%d7%93%d7%95%d7%aa-%d7%97%d7%a7%d7%a8/,ok,Secondary literature,Books,Open-access,open,he,"printed-books, journal, mishnah","Hebrew dissertations, books and Torah journals from Hesder and Religious-Zionist circles, divided and searchable.",2023,29,4,
psik,P’sik,פסיק,https://ebooks.psik.io/home,ok,Secondary literature,Books,Open-access,open,he,"printed-books, philosophy","Digital platform of Hebrew scholarly books for a wider audience, mainly on Bible and contemporary religious thought.",2023,29,5,
de-gruyter-open-access,De Gruyter,,,none,Secondary literature,Books,Open-access,open,en,"printed-books, talmud, translation",Academic publisher with around 100 open-access English books on Jewish topics available for download.,2023,30,6,
jstor-books,JSTOR,,https://www.jstor.org/subject/jewishstudies,ok,Secondary literature,Books,Open-access,open,en,printed-books,"Many open-access books on JSTOR, especially about 65 open-access titles from the Brown Judaic Studies backlist.",2023,30,7,
kotar,Kotar,כותר,https://kotar.cet.ac.il/,ok,Secondary literature,Books,Requires subscription or purchase,subscription,he,printed-books,"Subscription digital library of Hebrew academic books, with around 800 Jewish studies titles, often reachable through library access.",2023,30,8,
kindle-e-books,Kindle e-books,,,none,Secondary literature,Books,Requires subscription or purchase,purchase,en,"printed-books, app","Amazon e-books, recommended for English scholarly books, with highlighting, annotation, dictionary lookup and free samples.",2023,31,9,
magnes-press,Magnes Press,,https://www.magnespress.co.il/category/%D7%9E%D7%93%D7%A2%D7%99_%D7%94%D7%99%D7%94%D7%93%D7%95%D7%AA-76?format=ebook,ok,Secondary literature,Books,Requires subscription or purchase,purchase,he,"printed-books, app",Hebrew University press selling around 350 e-books to read in its own app.,2023,31,10,
kiryat-sefer,Kiryat Sefer,קרית ספר,https://www.nli.org.il/he/research-and-teach/catalogs/bibliographic-databases/rambi/kiryat-sefer,unverified,Secondary literature,Journals,Open-access,open,he,"journal, bibliography","National Library bibliographic journal, open archive 1924-1998, with many articles by leading Hebrew bibliographers.",2023,32,1,
cathedra,Cathedra,קתדרה,https://ybz.org.il/product-category/%d7%9b%d7%aa%d7%91-%d7%a2%d7%aa/%d7%a7%d7%aa%d7%93%d7%a8%d7%94/?show=grid,moved,Secondary literature,Journals,Open-access,open,he,"journal, history, geography","Yad Ben-Zvi journal in Modern Hebrew, open archive 1976-2017.",2023,32,2,
peamim,Pe’amim,פעמים,https://www.ybz.org.il/?CategoryID=287&SearchParam=,ok,Secondary literature,Journals,Open-access,open,he,"journal, history","Yad Ben-Zvi journal in Modern Hebrew, open archive 1979-2009; later issues mostly closed.",2023,32,3,
jsij,"Jewish Studies, an Internet Journal",,https://jewish-faculty.biu.ac.il/en/JSIJ,ok,Secondary literature,Journals,Open-access,open,"en, he",journal,Free peer-reviewed online journal (JSIJ) of Bar-Ilan University covering all fields of Jewish studies since 2002.,2023,32,4,
ginzei-qedem,Ginzei Qedem,גנזי קדם,https://www.ybz.org.il/?CategoryID=790,ok,Secondary literature,Journals,Open-access,open,"he, en","journal, geniza",Annual peer-reviewed journal of Genizah texts and studies from the Friedberg Genizah Project and the Ben-Zvi Institute.,2023,32,5,
hatzofeh-lehochmat-yisrael,HaTzofeh LaHochmat Yisra’el,הצופה לחכמת ישראל,,none,Secondary literature,Journals,Open-access,open,he,journal,"Early Wissenschaft des Judentums journal (1921-1931), with its volumes on HebrewBooks.",2023,32,6,
kovetz-al-yad,Kovetz al Yad,קובץ על יד,,none,Secondary literature,Journals,Open-access,open,he,"journal, manuscripts, critical-edition","Mekize Nirdamim series of editions of texts from manuscripts (1885-1946), on HebrewBooks.",2023,32,7,
revue-des-etudes-juives,Revue des Etudes Juives,,https://www.sefarim.fr/hamore/ref-Sifria_Magazines_Revue%20des%20%E9tudes%20juives_65_145.aspx,ok,Secondary literature,Journals,Open-access,open,fr,journal,"French Jewish studies journal, with an online archive linked from the guide.",2023,33,8,
hamaayan,Hama’ayan,המעין,http://www.machonso.org/hamaayan/?task=list,ok,Secondary literature,Journals,Open-access,open,he,"journal, halakha, history","Quarterly Torah-and-scholarship journal since 1953, linked to Yeshivat Sha’alvim; recent issues at Machon Shlomo Uman, earlier ones at Daat and HebrewBooks.",2023,33,9,
netuim,Netu’im,נטועים,https://kitveyet.herzog.ac.il/magazine/netuim/,moved,Secondary literature,Journals,Open-access,open,he,"journal, talmud, mishnah","Herzog College / Yeshivat Alon Shevut journal on the Oral Torah, since 1994.",2023,33,10,
al-atar,Al Atar,על אתר,https://kitveyet.herzog.ac.il/magazine/alatar/,moved,Secondary literature,Journals,Open-access,open,he,"journal, geography","Herzog College / Yeshivat Alon Shevut journal on the Land of Israel, since 1996.",2023,33,11,
dinei-yisrael,Dinei Yisra’el,דיני ישראל,https://law.tau.ac.il/dine_israel/published,ok,Secondary literature,Journals,Open-access,open,he,"journal, halakha","Tel Aviv University journal of Jewish law, open online since 2009; older issues on Nevo.",2023,33,12,
masechet,Masechet,,https://jewish-faculty.biu.ac.il/node/669,ok,Secondary literature,Journals,Open-access,open,he,journal,"Bar-Ilan University journal on topics related to women, since 2004.",2023,33,13,
tallelei-orot,Tallelei Orot,טללי אורות,https://orot.ac.il/%D7%98%D7%9C%D7%9C%D7%99-%D7%90%D7%95%D7%A8%D7%95%D7%AA,ok,Secondary literature,Journals,Open-access,open,he,journal,"Orot Yisra’el College journal since 1989, with selected articles also as text at Daat.",2023,33,14,
oreshet,Oreshet,אורשת,https://orot.ac.il/%D7%90%D7%95%D7%A8%D7%A9%D7%AA,ok,Secondary literature,Journals,Open-access,open,he,journal,"Orot Yisra’el College journal, since 2010.",2023,33,15,
moreshet-israel,Moreshet Israel,מורשת ישראל,https://www.ariel.ac.il/wp/moreshet-israel-jurnal/,ok,Secondary literature,Journals,Open-access,open,he,journal,"Ariel University journal, since 2018.",2023,33,16,
oqimta,Oqimta,אוקימתא,http://www.oqimta.org.il/PrevPublic.aspx,ok,Secondary literature,Journals,Open-access,open,"he, en","journal, talmud","Journal on rabbinic literature started by Prof. Shamma Friedman, since 2013, in Hebrew and English.",2023,33,17,
tradition,Tradition,,https://traditiononline.org/archives/,ok,Secondary literature,Journals,Open-access,open,en,"journal, philosophy",Orthodox journal of Jewish thought with an open archive from 1958.,2023,33,18,
hakirah,Hakira,,https://hakirah.org/Archieve.htm,ok,Secondary literature,Journals,Open-access,open,"en, he","journal, halakha, philosophy","Hakirah, the Flatbush journal of Jewish law and thought, peer-reviewed, since 2004.",2023,33,19,
journal-of-synagogue-music,Journal of Synagogue Music Archive - Cantors Assembly,,https://www.cantors.org/journal-of-synagogue-music/,ok,Secondary literature,Journals,Open-access,open,en,"journal, liturgy, piyyut","Full-text archive of the Cantors Assembly’s Journal of Synagogue Music, plus Torah-reading audio.",2023,33,20,
torani-journals-hebrewbooks,Torani journals on HebrewBooks,,https://www.hebrewbooks.org/journals,ok,Secondary literature,Journals,Open-access,open,he,"journal, manuscripts","Orthodox Torani journals in Modern Hebrew on HebrewBooks; mostly not scholarly, but some publish manuscripts of Geonic, medieval and later rabbinic works.",2023,34,21,
tzefunot,Tzefunot,צפונות,,none,Secondary literature,Journals,Open-access,open,he,"journal, bibliography","Torani journal on bibliographic topics, 1989-1993.",2023,34,21a,
kovetz-beis-aharon-veyisrael,Kovetz Beis Aharon VeYisra’el,קובץ בית אהרן וישראל,,none,Secondary literature,Journals,Open-access,open,he,journal,"Torani journal, 1986-2002, also on the Otzar HaHochma forum.",2023,34,21b,
or-yisrael,Or Yisra’el,אור ישראל,,none,Secondary literature,Journals,Open-access,open,he,journal,"Torani journal, 1996-2015.",2023,34,21c,
pealim-letorah,Pe’alim LeTorah,פעלים לתורה,,none,Secondary literature,Journals,Open-access,open,he,journal,Torani journal listed without further details.,2023,34,21d,
yeshurun,Yeshurun,ישורון,,none,Secondary literature,Journals,Open-access,open,he,journal,"Torani journal (Torah anthology), 1996-2015.",2023,34,21e,
yerushateinu,Yerushateinu,ירושתנו,,none,Secondary literature,Journals,Open-access,open,he,journal,"Torani journal, described in Hebrew Wikipedia.",2023,34,21f,
asifas-chachomim,Asifas Chachomim,אסיפת חכמים,,none,Secondary literature,Journals,Open-access,open,he,journal,Torani journal listed without further details.,2023,34,21g,
hitzei-giborim,Hitzei Giborim,חצי גבורים,,none,Secondary literature,Journals,Open-access,open,he,journal,Torani journal listed without further details.,2023,34,21h,
min-hagenazim,Min HaGenazim,מן הגנזים,,none,Secondary literature,Journals,Open-access,open,he,"journal, manuscripts",Torani journal listed without further details.,2023,34,21i,
jstor-journals,JSTOR,,https://www.jstor.org/subject/jewishstudies,ok,Secondary literature,Journals,Requires subscription or purchase,subscription,en,journal,Subscription archive with 58 journals focused on Jewish Studies.,2023,34,1,
nevo,Nevo,נבו,https://www.nevo.co.il/Books.aspx?Type=1,ok,Secondary literature,Journals,Requires subscription or purchase,subscription,he,"journal, halakha","Israeli legal database with Hebrew law journals, several of them rich in articles on the history of halakha.",2023,34,2,
otzar-hahochma-journals,Otzar HaHochma,אוצר החכמה,,none,Secondary literature,Journals,Requires subscription or purchase,subscription,he,"journal, bibliography","Subscription library of scanned Hebrew books that also holds journals, for example Areshet (1958-1980).",2023,34,3,
project-muse,Project MUSE,,https://en.wikipedia.org/wiki/Project_MUSE,ok,Secondary literature,Journals,Requires subscription or purchase,subscription,en,journal,"Subscription platform of humanities journals, including Jewish Studies journals such as JQR.",2023,35,4,
ebsco,EBSCO,,,none,Secondary literature,Journals,Requires subscription or purchase,subscription,en,journal,"Subscription database of academic journals, listed without further notes.",2023,35,5,
academia-edu,Academia.edu,,https://www.academia.edu/,unverified,Secondary literature,Articles,Open-access,registration,"en, he",social-media,Social network for academics where scholars upload their papers; following authors gives a daily feed of new articles.,2023,35,1,
academy-of-hebrew-language-articles,Academy of Hebrew Language,האקדמיה ללשון העברית,https://hebrew-academy.org.il/topic/maamarim/,ok,Secondary literature,Articles,Open-access,open,he,"hebrew-language, journal","The Academy's articles page: scholarly articles in Modern Hebrew by linguists, mostly from its own journals, in PDF and text.",2023,35,2,
daat-articles,Daat,דעת,https://daat.ac.il/he-il/kitveyet/,ok,Secondary literature,Articles,Open-access,open,he,journal,"Besides primary texts, Daat hosts many scholarly journal articles in text format, from journals such as Sinai and Mahanayim.",2023,35,3,
metah-library,Metah,מטח,https://www.lib.cet.ac.il/pages/,moved,Secondary literature,Articles,Open-access,open,he,"journal, transcription","Free non-profit virtual library from Metah (CET) with many transcribed Hebrew scholarly articles, including dozens from Tarbitz.",2023,35,4,
ad-henah,Ad Henah,עד הנה,http://jgbherzog.jgaliciabukovina.net/index.php/he/article,ok,Secondary literature,Articles,Open-access,open,he,history,PDFs of Hebrew scholarly articles from an institute that studies the Torah works of Galician and Bukovina Jewry.,2023,35,5,
ptil-tekhelet-library,Ptil Tekhelet,פתיל תכלת,https://www.tekhelet.com/library/,ok,Secondary literature,Articles,Open-access,open,he,halakha,Library of about 530 PDF scholarly articles in Hebrew on the topic of tekhelet.,2023,36,6,
author-academic-websites,Author academic websites,,,none,Secondary literature,Articles,Open-access,open,"en, he",,"Scholars' personal academic websites, usually hosted by their university, often share their articles.",2023,36,7,
humanities-commons,Humanities Commons,,https://hcommons.org/deposits/?tag=hebrew+literature,ok,Secondary literature,Articles,Open-access,open,en,,Open repository of humanities papers; its “Hebrew Literature” tag holds a small number of papers.,2023,36,8,
ask-the-author,Ask the author,,,none,Secondary literature,Articles,Open-access,open,,,Writing to the author directly is often an effective way to get a copy of an article or dissertation.,2023,36,9,
nli-scan-ordering,National Library of Israel - ordering scans,הזמנת סריקות והדפסות מאוספי הספרייה,https://www.nli.org.il/he/at-your-service/document-delivery-service/scans-within-library,unverified,Secondary literature,Articles,Requires subscription or purchase,purchase,"he, en",printed-books,Paid service of the National Library of Israel for ordering scans and prints of items from its collections.,2023,36,1,
rambi,RAMBI,"רמב""י",https://www.nli.org.il/he/research-and-teach/catalogs/bibliographic-databases/rambi,unverified,Tools for Navigating Secondary Literature,Bibliographic Information and Indexes,Open-access,open,"he, en, fr, de, yi, ar, lad","bibliography, catalog, journal","The National Library of Israel's index of articles in Jewish Studies and Israel studies, the largest database of its kind.",2023,36,1,
rambish,RAMBISH,"רמבי""ש",http://rambish.org.il/,ok,Tools for Navigating Secondary Literature,Bibliographic Information and Indexes,Open-access,open,he,"bibliography, journal","An article index like RAMBI, but for articles in Orthodox (Torah) journals.",2023,36,2,
cotar-torah-articles,Cotar Project - Collection of Torah Articles,,https://www.cotar-online.co.il/default.aspx?action=showKitveiEt,ok,Tools for Navigating Secondary Literature,Bibliographic Information and Indexes,Open-access,open,he,"bibliography, journal","Database of Torah journals and periodicals, with a list of periodicals and a breakdown by topic.",2023,36,3,Footnote 61: some functionality requires Internet Explorer and a specific plug-in.
dissertation-indexes,Indexes of dissertations / theses,,,none,Tools for Navigating Secondary Literature,Bibliographic Information and Indexes,Open-access,open,"he, en","bibliography, catalog","Search pages and lists of Jewish Studies dissertations at the Hebrew University, Bar-Ilan University, and JTS.",2023,37,4,
google-scholar,Google Scholar,,https://scholar.google.com/,ok,Tools for Navigating Secondary Literature,Bibliographic Information and Indexes,Open-access,open,"en, he","search, bibliography",Google's general search engine for scholarly literature.,2023,37,5,
tiresias,Tiresias: The Ancient Mediterranean Religions Source Database,,http://tiresias.haifa.ac.il/,dead,Tools for Navigating Secondary Literature,Bibliographic Information and Indexes,Open-access,open,en,"bibliography, digital-humanities, talmud","Aggregates about 700 back-of-book subject and text indices on ancient Mediterranean religions, Rabbinics included; searchable by subject or source text.",2023,37,6,
lieberman-index,Index of References Dealing with Talmudic Literature (Lieberman Index),,https://www.lieberman-institute.com/,ok,Tools for Navigating Secondary Literature,Bibliographic Information and Indexes,Requires subscription or purchase,subscription,"he, en","talmud, bibliography",Subscription index that gives pinpointed citations from hundreds of scholarly works for specific passages of Talmudic literature.,2023,37,7,
oxford-bibliographies-jewish-studies,Oxford Bibliographies in Jewish Studies,,https://www.oxfordbibliographies.com/obo/page/jewish-studies,unverified,Tools for Navigating Secondary Literature,Bibliographic Information and Indexes,Requires subscription or purchase,subscription,en,bibliography,Subscription database of annotated bibliographic articles across all fields and periods of Jewish Studies.,2023,37,8,
jewish-encyclopedia,Jewish Encyclopedia,,https://www.jewishencyclopedia.com/,ok,Tertiary literature,Encyclopedias,Open-access,open,en,encyclopedia,The early-20th-century English Jewish Encyclopedia online; much of it has been absorbed into English Wikipedia.,2023,38,1,
wikipedia-hebrew,Wikipedia - Hebrew,,https://he.wikipedia.org/wiki/%D7%A4%D7%95%D7%A8%D7%98%D7%9C:%D7%99%D7%94%D7%93%D7%95%D7%AA,ok,Tertiary literature,Encyclopedias,Open-access,open,he,encyclopedia,"Hebrew Wikipedia, a strong source on Jewish topics such as biographies, communities, and Jewish law.",2023,38,2,
hamichlol,Hamichlol,,https://www.hamichlol.org.il/%D7%A7%D7%98%D7%92%D7%95%D7%A8%D7%99%D7%94:%D7%94%D7%9E%D7%9B%D7%9C%D7%95%D7%9C:_%D7%A2%D7%A8%D7%9B%D7%99%D7%9D_%D7%A9%D7%A0%D7%95%D7%A6%D7%A8%D7%95_%D7%91%D7%9E%D7%9B%D7%9C%D7%95%D7%9C,unverified,Tertiary literature,Encyclopedias,Open-access,open,he,encyclopedia,"Haredi wiki encyclopedia built mostly on Hebrew Wikipedia; its original entries are strong on Jewish topics, especially rabbis' biographies.",2023,38,3,
encyclopedia-talmudit-micropedia,Encyclopedia Talmudit - Micropedia,האנציקלופדיה התלמודית,https://www.yeshiva.org.il/wiki/index.php/%D7%95%D7%99%D7%A7%D7%99%D7%A9%D7%99%D7%91%D7%94:%D7%90%D7%A0%D7%A6%D7%99%D7%A7%D7%9C%D7%95%D7%A4%D7%93%D7%99%D7%94_%D7%AA%D7%9C%D7%9E%D7%95%D7%93%D7%99%D7%AA,ok,Tertiary literature,Encyclopedias,Open-access,open,he,"encyclopedia, talmud, halakha","Concise Micropedia and new entries of the Talmudic Encyclopedia, hosted on Wikishiva, in rabbinic and modern Hebrew.",2023,38,4,
encyclopedia-judaica-2nd-edition,"Encyclopedia Judaica, 2nd edition",,,none,Tertiary literature,Encyclopedias,Requires subscription or purchase,subscription,en,encyclopedia,"The second edition of Encyclopaedia Judaica on Gale (subscription, often via libraries); entries also seem to appear on encyclopedia.com.",2023,38,5,
brill-encyclopedias,Encyclopedias published by Brill,,,none,Tertiary literature,Encyclopedias,Requires subscription or purchase,subscription,en,"encyclopedia, history, hebrew-language","Four Brill online reference works: Encyclopaedia of Judaism, Jews in the Islamic World, Jewish History and Culture, and Hebrew Language and Linguistics.",2023,39,6,
wiktionary-hebrew,Wiktionary - Hebrew,,https://he.wiktionary.org/wiki/%D7%A2%D7%9E%D7%95%D7%93_%D7%A8%D7%90%D7%A9%D7%99,ok,Tertiary literature,Dictionaries,Open-access,open,he,"dictionary, hebrew-language","Hebrew Wiktionary, with generally good entries that cite many primary and secondary sources.",2023,40,1,
jastrow-dictionary,"Jastrow’s A Dictionary of the Targumim, the Talmud Babli and Yerushalmi, and the Midrashic Literature",,https://bekiut.com/jastrow,ok,Tertiary literature,Dictionaries,Open-access,open,"en, he, arc","dictionary, talmud, midrash","Jastrow's English dictionary of Talmudic and Midrashic Hebrew and Aramaic: a modernized, searchable edition on Bekiut, plus copies on Sefaria, Wikisource, and Tyndale House.",2023,40,2,Disclosure: the Bekiut edition is the author's own project.
ben-yehuda-dictionary,Ben-Yehuda Dictionary,מילון בן-יהודה - מילון העברית הישנה והחדשה,https://benyehuda.org/dict/24412,ok,Tertiary literature,Dictionaries,Open-access,open,he,"dictionary, hebrew-language","Eliezer Ben-Yehuda's dictionary of old and new Hebrew, transcribed with a hyperlinked table of contents.",2023,40,3,
sefer-hearukh,"R’ Natan of Rome, Sefer HeArukh, ed. Lublin 1883",,https://www.sefaria.org/Sefer_HeArukh,ok,Tertiary literature,Dictionaries,Open-access,open,"he, arc","dictionary, talmud","The medieval Talmudic lexicon HeArukh with Musafia's Musaf HeArukh on Sefaria, plus Isaiah Berlin's glosses on it.",2023,40,4,
academy-of-hebrew-language-dictionary,Academy of Hebrew language’s online dictionary,,https://hebrew-academy.org.il/%D7%94%D7%9E%D7%99%D7%9C%D7%95%D7%9F/,moved,Tertiary literature,Dictionaries,Open-access,open,he,"dictionary, hebrew-language","The Hebrew Language Academy's Modern Hebrew online dictionary, based on Milon HaHoveh, without etymologies or sources.",2023,40,5,
zohar-dictionary-matt,Zohar Dictionary by Daniel Matt,,https://pastebin.com/ztKwQJSU,ok,Tertiary literature,Dictionaries,Open-access,open,"arc, en","dictionary, kabbalah",Daniel Matt's dictionary of Zohar vocabulary.,2023,40,6,
scholem-zohar-lexicon,"Gershom Scholem, Lexicon to Sefer Zohar","גרשם שלום, כרטסת שלום, לקסיקון לספר הזוהר",https://www.nli.org.il/en/discover/judaism/jewish-bookshelf/zohar/scholem-card-catalog,unverified,Tertiary literature,Dictionaries,Open-access,open,"he, arc","dictionary, kabbalah, manuscripts","Scans of Gershom Scholem's index cards for his Zohar lexicon, at the National Library of Israel.",2023,40,7,
academy-of-hebrew-language-articles-2,Academy of Hebrew Language,,https://hebrew-academy.org.il/,ok,Popular Media and Platforms,Articles - general,General,open,he,hebrew-language,Israel's official Hebrew-language academy; its website carries many scholarly articles on Hebrew linguistics across all periods.,2023,40,1,
thegemara-com,TheGemara.com,,https://thegemara.com/,ok,Popular Media and Platforms,Articles - general,General,open,en,talmud,"Edited English essays on the Babylonian Talmud, written for a general audience to academic standards.",2023,41,2,
my-jewish-learning,My Jewish Learning,,https://www.myjewishlearning.com/category/study/jewish-history/ancient-medieval-jewish-history/,ok,Popular Media and Platforms,Articles - general,General,open,en,history,"Popular Jewish-education site with many good articles, mostly on Bible and modern Jewish history.",2023,41,3,
929-tanach-byachad,929- Tanach B’yachad,929 - תנך ביחד,https://www.929.org.il/p/home,ok,Popular Media and Platforms,Articles - general,General,open,he,"hebrew-language, bible-commentary","Modern Hebrew Bible-study site with many articles on Hebrew linguistics, though they are hard to filter out.",2023,41,4,
makor-rishon,Makor Rishon,מקור ראשון,https://www.makorrishon.co.il/,ok,Popular Media and Platforms,Articles - Newspapers and Magazines,,freemium,he,journal,Israeli Hebrew newspaper whose weekend Shabbat supplement often covers scholarly Jewish topics.,2023,41,1,
haaretz,Haaretz,הארץ,,none,Popular Media and Platforms,Articles - Newspapers and Magazines,,freemium,"he, en","journal, hebrew-language",Long-running Israeli daily in Hebrew and English; issues from 1918 to 1997 are in the National Library of Israel newspaper archive.,2023,42,2,
segula,Segula,סגולה,https://segulamag.com/,ok,Popular Media and Platforms,Articles - Newspapers and Magazines,,freemium,"he, en","history, journal","Israeli history magazine, monthly in Hebrew and bimonthly in English, since 2010.",2023,42,3,
tablet,Tablet,,https://www.tabletmag.com/,unverified,Popular Media and Platforms,Articles - Newspapers and Magazines,,freemium,en,journal,"Online magazine of Jewish news, ideas and culture, founded in 2009.",2023,42,4,
jewish-review-of-books,Jewish Review of Books,,https://jewishreviewofbooks.com/,unverified,Popular Media and Platforms,Articles - Newspapers and Magazines,,freemium,en,journal,"Quarterly magazine, launched in 2010, with reviews and essays on books and culture from a Jewish perspective.",2023,42,5,
seforim-blog,The Seforim Blog,,https://seforimblog.com/,ok,Popular Media and Platforms,Blogs,,open,en,"blog, printed-books, bibliography, history","Long-running blog on Jewish books, bibliography and intellectual history, edited by Eliezer Brodt.",2023,43,1,
talmud-blog,The Talmud Blog,,https://thetalmud.blog/,ok,Popular Media and Platforms,Blogs,,open,en,"blog, talmud","Academic blog on Talmud study, written mainly by Shai Secunda.",2023,43,2,
rationalist-judaism,Rationalist Judaism,,http://www.rationalistjudaism.com/,ok,Popular Media and Platforms,Blogs,,open,en,"blog, philosophy","Natan Slifkin's blog on science and Judaism, as well as contemporary politics and hashkafa.",2023,43,3,
lehrhaus,Lehrhaus,,https://thelehrhaus.com/,ok,Popular Media and Platforms,Blogs,,open,en,"blog, talmud, halakha","Online journal of essays, mostly on contemporary issues, with many scholarly pieces in its Talmud and Halakhah section.",2023,43,4,
knowledge-in-circulation,Knowledge in Circulation (EsKnow),,https://esknowcirc.hypotheses.org/,ok,Popular Media and Platforms,Blogs,,open,en,"blog, kabbalah, manuscripts, printed-books, history",Research-project blog on how kabbalistic knowledge moved through manuscripts and print in early modern East-Central Europe.,2023,43,5,
kavvanah-blog,Kavvanah.blog- The Book of Doctrines and Opinions,,https://kavvanah.blog/,ok,Popular Media and Platforms,Blogs,,open,en,"blog, philosophy",Alan Brill's blog on Jewish thought.,2023,43,6,
jewish-studies-at-cul,Jewish Studies @ CUL,,https://blogs.library.columbia.edu/jewishstudiesatcul/,moved,Popular Media and Platforms,Blogs,,open,en,"blog, bibliography, printed-books","Columbia University Libraries blog on Hebrew bibliography, by Michelle Margolis.",2023,43,7,
footprints-blog,Footprints Blog – Tracing Jewish Books Through Time and Place,,https://edblogs.columbia.edu/footprints/,ok,Popular Media and Platforms,Blogs,,open,en,"blog, bibliography, printed-books, digital-humanities","Blog of the Columbia-based Footprints project, which traces the movement of early Jewish books.",2023,43,8,
safranim,Safranim,,https://safranim.com/,ok,Popular Media and Platforms,Blogs,,open,en,blog,Blog listed by the guide without further description.,2023,43,9,
am-hasefer-blog,Am Hasefer,עם הספר,https://amhasefer.wordpress.com/,ok,Popular Media and Platforms,Blogs,,open,he,"blog, bibliography, printed-books",Blog of the Rambam Library in Tel Aviv on Hebrew bibliography.,2023,43,10,
hagahot,Hagahot,,http://manuscriptboy.blogspot.com/,ok,Popular Media and Platforms,Blogs,,open,en,blog,Blog that was active from 2005 to 2013.,2023,43,11,Active 2005 - 2013 (per the 2023 guide).
giluy-milta-balma,Giluy Milta B'alma,גילוי מילתא בעלמא,http://imhm.blogspot.com/,ok,Popular Media and Platforms,Blogs,,open,"he, en","blog, manuscripts, geniza","Blog of new findings in Hebrew manuscripts and the Geniza, in Hebrew and English.",2023,43,12,
on-the-main-line,On the Main Line,,http://onthemainline.blogspot.com/,ok,Popular Media and Platforms,Blogs,,open,en,"blog, printed-books, history",Blog of “Mississippi Fred MacDowell” on Jewish books and history; he now posts on Facebook.,2023,43,13,
english-hebraica,English Hebraica,,http://englishhebraica.blogspot.com/,ok,Popular Media and Platforms,Blogs,,open,en,"blog, printed-books, history",Blog on Jewish and Jewish-themed English writing before the 19th century; active 2006 to 2007.,2023,43,14,Active 2006 - 2007 (per the 2023 guide).
whats-bothering-artscroll,What's Bothering Artscroll?,,http://elucidation-not-translation.blogspot.com/,ok,Popular Media and Platforms,Blogs,,open,en,blog,"Blog by “Mississippi Fred MacDowell”, active 2006 to 2008.",2023,43,15,Active 2006 - 2008 (per the 2023 guide).
hollander-books-blog,Hollander Books Blog,,http://hollanderbooks.blogspot.com/,ok,Popular Media and Platforms,Blogs,,open,en,"blog, printed-books",A Jewish bookseller's blog about the books he handles.,2023,43,16,
kol-safran,Kol Safran,,http://kol-safran.blogspot.com/,ok,Popular Media and Platforms,Blogs,,open,en,"blog, bibliography",A librarian's blog with many posts on Jewish bibliography and visits to Jewish libraries.,2023,43,17,
musings-of-a-jewish-bookseller,Musings of a Jewish Bookseller,,http://judaicaused.blogspot.com/,ok,Popular Media and Platforms,Blogs,,open,en,"blog, printed-books",Blog about Jewish books and the Jewish book trade.,2023,43,18,
notrikon,Notrikon,נוטריקון,http://notrikon.blogspot.com/,ok,Popular Media and Platforms,Blogs,,open,he,"blog, printed-books","Modern Hebrew blog about books, periods and people.",2023,43,19,
oneg-shabbat,Oneg Shabbat,עונג שבת,https://onegshabbat.blogspot.com/,ok,Popular Media and Platforms,Blogs,,open,he,"blog, history, hasidut",Prof. David Assaf's Hebrew blog on modern Jewish history and the history of Hasidism.,2023,43,20,
hasafranim-nli-blog,HaSafranim - Blog of National Library of Israel,הספרנים - בלוג הספרייה הלאומית,https://blog.nli.org.il/,unverified,Popular Media and Platforms,Blogs,,open,he,"blog, bibliography",The National Library of Israel's Hebrew blog on bibliography and modern Israel.,2023,43,21,
the-librarians-nli,The Librarians,,https://blog.nli.org.il/en/,unverified,Popular Media and Platforms,Blogs,,open,en,"blog, bibliography","The National Library of Israel's English blog, with content that differs from its Hebrew blog.",2023,44,22,
7minim,7minim,7 מינים,https://7minim.wordpress.com/tag/%d7%a7%d7%91%d7%9c%d7%94/,ok,Popular Media and Platforms,Blogs,,open,he,"blog, kabbalah","Tomer Persico's Hebrew blog, mostly on contemporary issues, with some posts on new scholarly books about Kabbalah.",2023,44,24,
parshablog,Parshablog,,http://parsha.blogspot.com/,ok,Popular Media and Platforms,Blogs,,open,en,"blog, bible-commentary",R' Josh Waxman's blog on the weekly Torah portion and his current learning.,2023,44,25,
scribal-error,Scribal Error,,https://scribalerror.substack.com/,ok,Popular Media and Platforms,Blogs,,open,en,"blog, talmud",R' Josh Waxman's Substack on Talmud.,2023,44,26,
talmud-and-tech,Talmud & Tech,,https://www.ezrabrand.com/,ok,Popular Media and Platforms,Blogs,,open,en,"blog, talmud, digital-humanities","Ezra Brand's blog on Talmud and digital humanities, among other topics.",2023,44,27,
hazirah-haleshonit-ruvik-rozental,HaZirah HaLeshonit - Ruvik Rozental,הזירה הלשונית - רוביק רוזנטל,https://www.ruvik.co.il/%D7%A1%D7%99%D7%A4%D7%95%D7%A8%D7%99-%D7%9E%D7%99%D7%9C%D7%99%D7%9D.aspx,ok,Popular Media and Platforms,Blogs,Blogs - Hebrew Linguistics,open,he,"blog, hebrew-language","Popular Hebrew linguist Ruvik Rosenthal's site, with many posts on the history of individual Hebrew words.",2023,44,28,
leshoniada,Leshoniada,לשוניאדה,https://leshoniada.co.il/,ok,Popular Media and Platforms,Blogs,Blogs - Hebrew Linguistics,open,he,"blog, hebrew-language",Modern Hebrew blog on Hebrew linguistics.,2023,44,29,
safa-ivrit,Safa Ivrit,השפה העברית,https://www.safa-ivrit.org/site_map.php,ok,Popular Media and Platforms,Blogs,Blogs - Hebrew Linguistics,open,he,"blog, hebrew-language",Modern Hebrew site of short articles on the sources of Hebrew words and sayings.,2023,44,30,
balashon,Balashon,בלשון,https://www.balashon.com/,ok,Popular Media and Platforms,Blogs,Blogs - Hebrew Linguistics,open,en,"blog, hebrew-language","David Curwin's English blog on Hebrew etymology, including classical Hebrew words with Greek and Latin cognates.",2023,44,31,
philologos,Philologos,,https://ideas.tikvah.org/mosaic/authors/philologos?welcome=mosaic,moved,Popular Media and Platforms,Blogs,Blogs - Hebrew Linguistics,open,en,"blog, hebrew-language, history",Twice-monthly column in Mosaic on Jewish historical and linguistic topics.,2023,44,32,
aramaic-language-of-the-zohar,The Aramaic Language of the Zohar,,https://aramaiczohar.wordpress.com/,ok,Popular Media and Platforms,Blogs,Blogs - Hebrew Linguistics,open,"en, arc","blog, kabbalah, hebrew-language",Judy Barrett's blog of basic introductions to the Aramaic of the Zohar.,2023,44,33,
nli-youtube,National Library of Israel (YouTube),,https://www.youtube.com/user/NLI2010/videos,ok,Popular Media and Platforms,Videos and Podcasts,Academic lectures,open,"he, en",video,The National Library of Israel's YouTube channel of lectures and live streams.,2023,44,1.a,
israel-academy-youtube,The Israel Academy of Sciences and Humanities (YouTube),,https://www.youtube.com/user/TheIsraelAcademy/videos,ok,Popular Media and Platforms,Videos and Podcasts,Academic lectures,open,"he, en",video,"YouTube channel of the Israel Academy of Sciences and Humanities, with recorded live-streamed lectures.",2023,44,1.b,
hebrew-university-youtube,Hebrew University (YouTube),,https://www.youtube.com/user/HebrewUniversity/videos,ok,Popular Media and Platforms,Videos and Podcasts,Academic lectures,open,"he, en",video,"Hebrew University of Jerusalem's YouTube channel, an example of an Israeli university lecture channel.",2023,45,1.c,
bar-ilan-university-youtube,Bar-Ilan University (YouTube),,https://www.youtube.com/c/barilanuniversity/videos,ok,Popular Media and Platforms,Videos and Podcasts,Academic lectures,open,"he, en",video,"Bar-Ilan University's YouTube channel, an example of an Israeli university lecture channel.",2023,45,1.c,
yad-ben-zvi-youtube,Yad Ben-Zvi (YouTube),,https://www.youtube.com/c/yadybenzvi/videos,ok,Popular Media and Platforms,Videos and Podcasts,Academic lectures,open,he,"video, history","YouTube channel of Yad Ben-Zvi, a scholarly institute for the history of the Land of Israel.",2023,45,1.d,
torah-in-motion,Torah in Motion,,https://www.youtube.com/c/TorahinMotion/videos,ok,Popular Media and Platforms,Videos and Podcasts,,open,en,"video, history","YouTube channel with many lecture series, mostly on modern history, theology and Bible.",2023,45,2,
seforim-chatter,Seforim Chatter,,https://seforimchatter.com/episodes,ok,Popular Media and Platforms,Videos and Podcasts,,open,en,"podcast, printed-books, history",Recommended podcast in which Nachi Weinstein interviews leading scholars about Jewish books and their research.,2023,45,3,
misfit-torah,Misfit Torah,,https://podcasts.apple.com/us/podcast/misfit-torah/id1399327341,ok,Popular Media and Platforms,Videos and Podcasts,,open,en,podcast,Podcast hosted by Akiva Weisinger.,2023,45,4,
channeling-jewish-history,Channeling Jewish History,,https://www.youtube.com/channel/UCZ04ugbTVoUm5W0b6j-YKGA/videos,ok,Popular Media and Platforms,Videos and Podcasts,,open,en,"podcast, video, history","Joel Davidi's podcast of interviews with scholars of Jewish history, also on YouTube.",2023,45,5,
alldaf,AllDaf,,https://www.youtube.com/c/AllDaf/videos,ok,Popular Media and Platforms,Videos and Podcasts,,open,en,"video, talmud, bibliography",Daf Yomi video channel that includes talks by Eliezer Brodt on lesser-known commentaries on each tractate.,2023,45,6,
tradition-podcast,Tradition Podcast,,https://traditiononline.org/traditionpodcast/,ok,Popular Media and Platforms,Videos and Podcasts,,open,en,"podcast, video","Podcast of the journal Tradition, hosted by its editor, with interviews of scholars.",2023,45,7,
am-hasefer-podcast,Am HaSefer - Rambam Library - Beit Ariela,"עם הספר - ספריית הרמב""ם בית אריאלה",https://castbox.fm/channel/%D7%A2%D7%9D-%D7%94%D7%A1%D7%A4%D7%A8---%D7%A1%D7%A4%D7%A8%D7%99%D7%99%D7%AA-%D7%94%D7%A8%D7%9E%D7%91%22%D7%9D-%D7%91%D7%99%D7%AA-%D7%90%D7%A8%D7%99%D7%90%D7%9C%D7%94-id1922735,ok,Popular Media and Platforms,Videos and Podcasts,,open,he,"podcast, printed-books",Hebrew podcast of the Rambam Library at Beit Ariela in Tel Aviv.,2023,45,8,
ajs-adventures-in-jewish-studies,AJS Adventure in Jewish Studies Podcast series,,https://www.associationforjewishstudies.org/podcasts/adventures-in-jewish-studies,moved,Popular Media and Platforms,Videos and Podcasts,,open,en,podcast,Podcast series of the Association for Jewish Studies.,2023,45,9,
michelle-margolis-twitter,Michelle Margolis (@hchesner),,https://x.com/hchesner,moved,Popular Media and Platforms,Twitter,,registration,en,"social-media, bibliography, printed-books","Account of Columbia's Judaica librarian, on Jewish book history and Hebrew incunabula.",2023,46,1,Twitter is now X.
footprints-project-twitter,Footprints Project (@Footprints_Heb),,https://x.com/Footprints_Heb,moved,Popular Media and Platforms,Twitter,,registration,en,"social-media, bibliography, printed-books","Account of the Footprints project, which traces the history of individual Jewish books.",2023,46,2,Twitter is now X.
nli-twitter,National Library of Israel (@NLIsrael),,https://x.com/nlisrael,moved,Popular Media and Platforms,Twitter,,registration,en,social-media,"The National Library of Israel's account, on its collections of books, photos, maps and archives.",2023,46,3,Twitter is now X.
nathan-hirsch-nlitorani,Nathan Hirsch (@NLITorani),נתן הירש,https://twitter.com/nlitorani,dead,Popular Media and Platforms,Twitter,,registration,he,"social-media, bibliography, printed-books","Account on contemporary rabbinic literature, also on Telegram and Facebook.",2023,46,4,Twitter is now X.
dayenupal-twitter,DayenuPal,,https://x.com/dayenupal,moved,Popular Media and Platforms,Twitter,,registration,en,social-media,Twitter account listed by the guide without further description.,2023,46,5,Twitter is now X.
dhjewish-hashtag,#dhjewish - Twitter Search,,https://x.com/i/jf/onboarding/web?redirect_after_login=%2Fhashtag%2Fdhjewish%3Fsrc%3Dhashtag_click&mode=login,moved,Popular Media and Platforms,Twitter,,registration,en,"social-media, digital-humanities",Twitter hashtag for Jewish digital humanities.,2023,46,6,Twitter is now X.
princeton-geniza-lab-twitter,Princeton Geniza Lab (@GenizaLab),,https://x.com/genizalab,moved,Popular Media and Platforms,Twitter,,registration,en,"social-media, geniza",Account of the Princeton Geniza Lab.,2023,46,7,Twitter is now X.
marina-rustow-twitter,Marina Rustow (@mrustow),,https://x.com/mrustow,moved,Popular Media and Platforms,Twitter,,registration,en,"social-media, geniza, history",Account of Geniza historian Marina Rustow.,2023,46,8,Twitter is now X.
norman-e-alexander-library-facebook,Norman E. Alexander Library for Jewish Studies,,https://www.facebook.com/NEAlibrary/?ref=aymt_homepage_panel,unverified,Popular Media and Platforms,Facebook,,unknown,en,"social-media, bibliography",Facebook page of Columbia University's Jewish Studies library.,2023,46,1,
otzar-hahochma-forum,Otzar HaChochma’s forum,פורום אוצר החכמה,https://forum.otzar.org/index.php,ok,Popular Media and Platforms,Forums,,open,he,forum,"Hebrew discussion forum of Otzar HaChochma, with many interesting threads on Jewish books and scholarship.",2023,46,1,
daf-yomi-com-forum,Daf-yomi.com’s forum,פורום פורטל הדף היומי,https://daf-yomi.com/forums/forum.aspx?id=1,ok,Popular Media and Platforms,Forums,,open,he,"forum, talmud","Hebrew forum of the Daf Yomi portal, with discussions on the Talmud and its commentators.",2023,46,2,
behadrei-haredim-seforim-forum,Behadrei Haredim - Forum: Seforim and Sofrim,בחדרי חרדים - פורום: ספרים וסופרים,https://forums.bhol.co.il/forums/forum.asp?cat_id=38&forum_id=19616,moved,Popular Media and Platforms,Forums,,open,he,"forum, printed-books",Hebrew forum on books and authors at the Behadrei Haredim site.,2023,47,3,
mi-yodea,Judaism.stackexchange.com (Mi Yodea),,https://judaism.stackexchange.com/,ok,Popular Media and Platforms,Forums,,open,en,forum,English question-and-answer site on Judaism.,2023,47,4,
sefaria-app,Sefaria (mobile app),,https://play.google.com/store/apps/details?id=org.sefaria.sefaria&hl=en&gl=US,ok,Popular Media and Platforms,Mobile Apps,,open,"he, en",app,Mobile app of Sefaria's library of Jewish texts.,2023,47,1,
artscroll-app,Artscroll (mobile app),,https://appstore.artscroll.com/,ok,Popular Media and Platforms,Mobile Apps,,unknown,"he, en",app,Artscroll's mobile app store.,2023,47,2,
rambam-plus-app,Rambam Plus - Mishneh Torah - Mifal Mishneh Torah,,https://play.google.com/store/apps/details?id=com.Rollep.MishneTora&hl=en&gl=US,ok,Popular Media and Platforms,Mobile Apps,,unknown,he,"app, halakha",Mobile app with the Mishneh Torah in the Makbili edition.,2023,47,3,
sefaria-ai-library-assistant,Sefaria: AI features and Library Assistant,,https://www.sefaria.org/ai,ok,Artificial Intelligence (new in 2026),AI study and research assistants,Retrieval with citations,open,"en, he","ai, search, translation","Sefaria's page on its AI features, including an experimental chatbot that answers with linked citations, and its rules for labeling AI content.",2026,,,Checked live 9-Oct-2026. The sefaria.org URL redirects by language (e.g. to sefaria.org.il).
mekoros,Mekoros,,https://mekoros.com,ok,Artificial Intelligence (new in 2026),AI study and research assistants,Retrieval with citations,freemium,"he, en","ai, search","AI source-finder that collects primary sources on a Torah topic, traces how an idea developed, and exports source sheets.",2026,,,Checked live 9-Oct-2026.
binata,Binata,בינתא,https://binata-ai.com/,ok,Artificial Intelligence (new in 2026),AI study and research assistants,Retrieval with citations,freemium,"he, en","ai, search",Hebrew-first AI study assistant that answers with source references and marks quotations it cannot match to the original text.,2026,,,Checked live 9-Oct-2026.
ituria,Ituria,,https://github.com/Sivan22/ituria,ok,Artificial Intelligence (new in 2026),AI study and research assistants,Retrieval with citations,open,"he, en","ai, search, api","Open-source AI agent that searches a Jewish text library, reads passages and pulls commentaries before it answers.",2026,,,Checked live 9-Oct-2026.
torah-research-board,Torah Research Board,,https://torah-research.yaakovbeckerman.com/,ok,Artificial Intelligence (new in 2026),AI study and research assistants,Retrieval with citations,unknown,"en, he","ai, search",Infinite-canvas research workspace that places Sefaria texts side by side with AI analysis.,2026,,,Site responds (9-Oct-2026); features not verified in detail.
yochai,Yochai,,https://www.yochai.wiki/chat,ok,Artificial Intelligence (new in 2026),AI study and research assistants,Chat and explanation,unknown,"en, he","ai, talmud",Socratic AI study partner that leads the user to primary sources and asks questions rather than giving answers.,2026,,,"Site responds (9-Oct-2026); described as a ""Jewish Learning Companion""."
pshatgpt,PshatGPT,,https://pshatgpt.com/,ok,Artificial Intelligence (new in 2026),AI study and research assistants,Chat and explanation,freemium,"en, he, arc","ai, talmud, hasidut",Tap a line of Talmud or Tanya to get a streamed AI explanation of its plain meaning in context.,2026,,,Checked live 9-Oct-2026. Page notes a move to a new home and that account sync was not yet configured.
dicta-tools-2026,Dicta tools (2026 update),דיקטה,https://dicta.org.il/tools,ok,Artificial Intelligence (new in 2026),"Text processing: vocalization, abbreviations, translation",,open,he,"ai, hebrew-language, search, talmud","Dicta's free machine-learning tools for Hebrew texts, including automatic vocalization, abbreviation expansion and citation finding.",2026,,,Checked live 9-Oct-2026.
sofer-ai,Sofer.ai,,https://sofer.ai,ok,Artificial Intelligence (new in 2026),"Text processing: vocalization, abbreviations, translation",,freemium,"en, he, yi, arc","ai, ocr-htr, transcription","AI platform for Torah media: transcribes shiurim in mixed English, Hebrew, Yiddish and Aramaic, and converts scanned Hebrew and Rashi-script books to text.",2026,,,Checked live 9-Oct-2026.
midrash-erc,MiDRASH (ERC Synergy project),,https://www.midrash.eu/,ok,Artificial Intelligence (new in 2026),OCR and handwritten text recognition,,open,"he, arc, jrb","ai, manuscripts, geniza, ocr-htr, digital-humanities",Large European-Israeli project to transcribe and analyze tens of thousands of medieval Hebrew-script manuscripts with HTR and NLP.,2026,,,Checked live 9-Oct-2026.
midrash-geniza-transcriptions,MiDRASH automatic transcriptions of the Cairo Geniza,,https://zenodo.org/records/17734473,ok,Artificial Intelligence (new in 2026),OCR and handwritten text recognition,,open,"he, arc, jrb, ar","ai, geniza, manuscripts, ocr-htr",Downloadable first-pass machine transcription of the National Library of Israel's entire Cairo Geniza image collection.,2026,,,Checked live 9-Oct-2026.
midrash-geniza-htr-model,MiDRASH Geniza HTR model,,https://zenodo.org/records/18732245,ok,Artificial Intelligence (new in 2026),OCR and handwritten text recognition,,open,"he, arc, jrb","ai, geniza, manuscripts, ocr-htr, api","Open handwritten-text-recognition model for Hebrew-script Geniza fragments, for use with kraken and eScriptorium.",2026,,,Checked live 9-Oct-2026.
transkribus-hebrew-models,Transkribus: Hebrew and Yiddish models,,https://www.transkribus.org/hebrew-manuscript-transcription,ok,Artificial Intelligence (new in 2026),OCR and handwritten text recognition,,freemium,"he, yi","ai, manuscripts, ocr-htr, transcription",Transkribus page listing its public Hebrew-script recognition models and the option to train a model on one's own manuscripts.,2026,,,Checked live 9-Oct-2026.
tikkoun-sofrim,Tikkoun Sofrim,,https://tikkunsofrim.hypotheses.org/,ok,Artificial Intelligence (new in 2026),OCR and handwritten text recognition,,open,he,"ai, manuscripts, midrash, ocr-htr, transcription, digital-humanities",Crowdsourcing project in which volunteers correct machine transcriptions of medieval Hebrew manuscripts of Midrash Tanhuma.,2026,,,Project blog found via web search 9-Oct-2026; current activity not confirmed.
sefaria-developers,Sefaria developer portal and API,,https://developers.sefaria.org/,ok,Artificial Intelligence (new in 2026),"Developer resources: APIs, MCP servers, models and datasets","APIs, MCP servers and tutorials",open,"he, en","ai, api","Documentation and interactive reference for Sefaria's free API, with links to its data exports, Hugging Face assets and MCP servers.",2026,,,Checked live 9-Oct-2026.
sefaria-mcp,Sefaria MCP servers,,https://developers.sefaria.org/docs/the-sefaria-mcp,ok,Artificial Intelligence (new in 2026),"Developer resources: APIs, MCP servers, models and datasets","APIs, MCP servers and tutorials",open,"he, en","ai, api",Official Model Context Protocol servers that let AI assistants such as Claude or ChatGPT search and quote the Sefaria library with citations.,2026,,,Checked live 9-Oct-2026.
sefaria-linker,Sefaria Linker,,https://www.sefaria.org/linker,ok,Artificial Intelligence (new in 2026),"Developer resources: APIs, MCP servers, models and datasets","APIs, MCP servers and tutorials",open,"he, en","ai, api, search",Script for websites that finds citations of Jewish texts on a page and links them to Sefaria; now uses LLMs to recognize references.,2026,,,Checked live 9-Oct-2026. The sefaria.org URL redirects by language.
torah-mcp,Torah MCP,,https://torah-mcp.jonathan-ef2.workers.dev,ok,Artificial Intelligence (new in 2026),"Developer resources: APIs, MCP servers, models and datasets","APIs, MCP servers and tutorials",open,"he, en","ai, api, search, printed-books","Community MCP server for Claude that adds a chavruta mode, citation discipline and full-text search of about 50,000 HebrewBooks volumes to Sefaria access.",2026,,,Checked live 9-Oct-2026.
torah-scholar-skill,Torah Scholar (agent skill),,https://github.com/abeperl/torah-scholar,ok,Artificial Intelligence (new in 2026),"Developer resources: APIs, MCP servers, models and datasets","APIs, MCP servers and tutorials",freemium,"he, en","ai, api","Small open-source skill and command-line tool that lets AI agents search Sefaria and fetch texts, links and commentaries.",2026,,,Checked live 9-Oct-2026.
ask-the-rambam-rag-tutorial,Ask the Rambam: RAG tutorial,,https://www.youtube.com/watch?v=CNIO2MsfeTo,ok,Artificial Intelligence (new in 2026),"Developer resources: APIs, MCP servers, models and datasets","APIs, MCP servers and tutorials",open,en,"ai, api, halakha, video",Beginner-level video tutorial on building a retrieval-augmented Q&A bot that answers only from the Mishneh Torah.,2026,,,Video page responds (9-Oct-2026).
sefaria-hugging-face,Sefaria on Hugging Face,,https://huggingface.co/Sefaria,ok,Artificial Intelligence (new in 2026),"Developer resources: APIs, MCP servers, models and datasets",Models and datasets,open,"he, en, arc","ai, api, digital-humanities","Sefaria's open models and datasets: citation and named-entity recognition models, full library exports, links and Hebrew-English pairs.",2026,,,Checked live 9-Oct-2026.
rabbinic-embedding-leaderboard,Rabbinic Embedding Leaderboard,,https://huggingface.co/datasets/Sefaria/Rabbinic-Embedding-Leaderboard,ok,Artificial Intelligence (new in 2026),"Developer resources: APIs, MCP servers, models and datasets",Models and datasets,open,"he, arc, en","ai, api, search, digital-humanities",Benchmark results comparing text-embedding models on retrieving and matching rabbinic Hebrew and Aramaic passages.,2026,,,Checked live 9-Oct-2026.
sefaria-export,Sefaria Export,,https://github.com/Sefaria/Sefaria-Export,ok,Artificial Intelligence (new in 2026),"Developer resources: APIs, MCP servers, models and datasets",Models and datasets,open,"he, en","ai, api, digital-humanities","Full bulk download of the Sefaria library (about 26 GB) in JSON, plain-text and CLTK formats, with schemas and the links graph.",2026,,,Checked live 9-Oct-2026.
dicta-hugging-face,"Dicta on Hugging Face (DictaLM, DictaBERT, BEREL)",,https://huggingface.co/dicta-il,ok,Artificial Intelligence (new in 2026),"Developer resources: APIs, MCP servers, models and datasets",Models and datasets,open,"he, en","ai, api, hebrew-language","Dicta's open Hebrew language models: the DictaLM chat models, DictaBERT encoders and BEREL for rabbinic Hebrew.",2026,,,Checked live 9-Oct-2026.
nnlp-il-resources,Hebrew and Arabic NLP resources (NNLP-IL),,https://resources.nnlp-il.mafat.ai/,ok,Artificial Intelligence (new in 2026),"Developer resources: APIs, MCP servers, models and datasets",Directories,open,"he, ar","ai, api, hebrew-language","Searchable directory of Hebrew and Arabic NLP corpora, models and tools, with license information.",2026,,,Checked live 9-Oct-2026.
bekiut,Bekiut,,https://bekiut.com/,ok,Primary Texts,Books - text format - popular editions,New in 2026,open,"he, en, arc","talmud, translation","Free bilingual reader for the Babylonian Talmud and other classical texts, built for readability, with the text split into short lines.",2026,,,Disclosure: the author's own project. Checked live 9-Oct-2026.
talmud-sidebar-extension,Talmud Sidebar Extension,,https://chromewebstore.google.com/detail/talmud-sidebar-extension/dmpiiciebnbekblfbcdeogjkbbmeeimi,moved,Tools for Navigating Primary Texts,Search and Related Tools,New in 2026,open,"he, en","talmud, search",Chrome Web Store version of the sidebar that links a daf on other sites to its references on Sefaria.,2026,,,"Listing live 9-Oct-2026; last updated 18-Sep-2022, about 235 users."
zohar-stories,Stories of the Zohar: digital edition,סיפורי הזוהר,https://www.zohar-stories.com/,ok,Tools for Navigating Primary Texts,Databases,New in 2026,open,"he, arc","kabbalah, digital-humanities","Hebrew digital edition and database of the narrative passages of the Zohar, with search, comparison of stories, distant reading and motif browsing.",2026,,,Checked live 9-Oct-2026.
eitz-harabanim,Eitz HaRabanim,,https://eitz-harabanim.com/,ok,Tools for Navigating Primary Texts,Visualizations and Data,New in 2026,open,"en, he","talmud, mishnah, history, visualization","Interactive tree of more than 200 Talmudic sages showing teacher-student links, filterable by region and era.",2026,,,Checked live 9-Oct-2026.
sefer-similarity-map,Sefer Similarity Map,,https://jhostyk.github.io/SeferSimilarityMap/,ok,Tools for Navigating Primary Texts,Visualizations and Data,New in 2026,open,he,"visualization, digital-humanities","Exploratory map that places books and chapters of Tanakh, Talmud and other texts by shared vocabulary, so related texts cluster together.",2026,,,Page responds (9-Oct-2026); last version dated 2021.
jewish-story-through-books,The Jewish Story Through Books,,https://joshcooper417.github.io/,ok,Tools for Navigating Primary Texts,Visualizations and Data,New in 2026,open,en,"printed-books, geography, visualization, history",Animated map showing where and when Jewish books were written or published over the centuries.,2026,,,Checked live 9-Oct-2026.
liz-shayne-sefaria-links,Liz Shayne: visualizations of Sefaria links,,https://lizshayne.wordpress.com/tag/sefaria/,ok,Tools for Navigating Primary Texts,Visualizations and Data,New in 2026,open,en,"visualization, digital-humanities","Blog post with network graphs of the roughly 87,000 links in the Sefaria library, made in Gephi.",2026,,,Page responds (9-Oct-2026); content from 2014.
hamapah,HaMapah,,https://blog.hamapah.org/,unverified,Tools for Navigating Primary Texts,Visualizations and Data,New in 2026,open,"en, he","responsa, geography, visualization, digital-humanities",Digital-humanities project that maps rabbinic responsa by place and time and analyzes their correspondence networks.,2026,,,Could not verify: the site returned HTTP 403 to an automated check on 9-Oct-2026.
cad-digital-edition,The Assyrian Dictionary (CAD): digital edition (demo),,https://cad-demo-29bdca5fec.netlify.app/,ok,Tertiary literature,Dictionaries,New in 2026,open,"en, akk","dictionary, hebrew-language, digital-humanities","Searchable demo edition of five volumes of the Chicago Assyrian Dictionary, cross-linked to Akkadian citations in BDB, HALOT, DCH, CAL and Sokoloff.",2026,,,Demo; checked live 9-Oct-2026.
unified-language-index,Unified index for Hebrew language research (Ephraim Meiri),מפתח מאוחד ללשון חכמים,https://lang.emeiri.org/,ok,Tools for Navigating Secondary Literature,Bibliographic Information and Indexes,New in 2026,open,he,"hebrew-language, bibliography, search",Searchable merged index of the word and topic indexes of scholarly books on the language of Rabbinic and later Hebrew and Aramaic sources.,2026,,,In development; checked live 9-Oct-2026.
