url,verdict,check_result,final_url,title,entry,note
https://www.herzog.ac.il/library-page/%d7%9e%d7%90%d7%92%d7%a8%d7%99%d7%9d-%d7%91%d7%97%d7%95%d7%92-%d7%9c%d7%9c%d7%a9%d7%95%d7%9f-%d7%a2%d7%91%d7%a8%d7%99%d7%aa/,dead,dead-404,https://www.herzog.ac.il/library-page/%D7%9E%D7%90%D7%92%D7%A8%D7%99%D7%9D-%D7%91%D7%97%D7%95%D7%92-%D7%9C%D7%9C%D7%A9%D7%95%D7%9F-%D7%A2%D7%91%D7%A8%D7%99%D7%AA/,העמוד לא נמצא - הרצוג,Herzog College Library - Databases for the Hebrew Language Department,Check result: dead-404.
https://www.herzog.ac.il/library-page/%d7%9e%d7%90%d7%92%d7%a8%d7%99%d7%9d-%d7%91%d7%97%d7%95%d7%92-%d7%9c%d7%9e%d7%97%d7%a9%d7%91%d7%aa-%d7%99%d7%a9%d7%a8%d7%90%d7%9c/,dead,dead-404,https://www.herzog.ac.il/library-page/%D7%9E%D7%90%D7%92%D7%A8%D7%99%D7%9D-%D7%91%D7%97%D7%95%D7%92-%D7%9C%D7%9E%D7%97%D7%A9%D7%91%D7%AA-%D7%99%D7%A9%D7%A8%D7%90%D7%9C/,העמוד לא נמצא - הרצוג,Herzog College Library - Databases for the Jewish Thought Department,Check result: dead-404.
https://www.herzog.ac.il/library-page/%d7%9e%d7%90%d7%92%d7%a8%d7%99%d7%9d-%d7%91%d7%97%d7%95%d7%92-%d7%9c%d7%a1%d7%a4%d7%a8%d7%95%d7%aa-%d7%a2%d7%91%d7%a8%d7%99%d7%aa/,dead,dead-404,https://www.herzog.ac.il/library-page/%D7%9E%D7%90%D7%92%D7%A8%D7%99%D7%9D-%D7%91%D7%97%D7%95%D7%92-%D7%9C%D7%A1%D7%A4%D7%A8%D7%95%D7%AA-%D7%A2%D7%91%D7%A8%D7%99%D7%AA/,העמוד לא נמצא - הרצוג,Herzog College Library - Databases for the Hebrew Literature Department,Check result: dead-404.
https://www.associationforjewishstudies.org/professional-development/professional-development/digital-jewish-studies/perspectives-on-technology/online-resources-for-talmud-research-study-and-teaching,dead,dead-404,https://www.associationforjewishstudies.org/professional-development/professional-development/digital-jewish-studies/perspectives-on-technology/online-resources-for-talmud-research-study-and-teaching,,"Online Resources for Talmud Research, Study, and Teaching",Check result: dead-404.
https://www.maanelashon.org/links,dead,dead-404,https://www.maanelashon.org/links,,Useful Links (Maane Lashon),Check result: dead-404.
http://old.piyut.org.il/search/,dead,dead-dns,,,An Invitation to Piyut,Check result: dead-dns.
https://web.nli.org.il/sites/NLI/Hebrew/digitallibrary/moreshet_bareshet/Pages/default.aspx,dead,dead-410,https://web.nli.org.il/sites/NLI/Hebrew/digitallibrary/moreshet_bareshet/Pages/default.aspx,410 Gone,Ktiv,Check result: dead-410.
https://web.nli.org.il/sites/nli/hebrew/collections/jewish-collection/talmud/pages/default.aspx,dead,dead-410,https://web.nli.org.il/sites/nli/hebrew/collections/jewish-collection/talmud/pages/default.aspx,410 Gone,Ktiv,Check result: dead-410.
https://web.nli.org.il/sites/nlis/en/manuscript,dead,dead-410,https://web.nli.org.il/sites/nlis/en/manuscript,410 Gone,Ktiv,Check result: dead-410.
https://editions.erabbinica.org/,dead,dead-dns,,,Digital Mishnah Project,Check result: dead-dns.
https://www.qerovot18.com/,dead,connection-refused,,,Qerovot-of-18 from the Cairo Genizah,Check result: connection-refused.
http://uli.nli.org.il/F?func=find-b-0&local_base=mbi01,dead,dead-404,https://uli.nli.org.il/F?func=find-b-0&local_base=mbi01,Exlibris Alma - Error report,,Check result: dead-404.
https://www.seforimonline.org/seforim-database/,hijacked,blocked,https://www.gbo303-ac.com/,Just a moment...,Seforimonline.org,Domain now redirects to an unrelated gambling site (checked 9-Oct-2026).
https://www.ybz.org.il/cathedra/gilyonot,dead,dead-404,https://ybz.org.il/cathedra/gilyonot,Page not found - יד יצחק בן־צבי,Cathedra,Check result: dead-404.
https://herzogpress.herzog.ac.il/ktav.asp?id=2,dead,dead-500,https://herzogpress.herzog.ac.il/ktav.asp?id=2,500 - Internal server error.,Netu’im,Check result: dead-500.
http://herzogpress.herzog.ac.il/ktav.asp?id=3,dead,dead-500,https://herzogpress.herzog.ac.il/ktav.asp?id=3,500 - Internal server error.,Al Atar,Check result: dead-500.
https://libraries.ou.edu/content/understanding-academiaedu-and-researchgate,dead,dead-404,https://libraries.ou.edu/impact-challenge-chapter/understanding-academiaedu-and-researchgate,Page not found | OU Libraries,Academia.edu,Check result: dead-404.
https://lib.pshita.cet.ac.il/pages/frontpage.asp,dead,dead-404,https://lib.pshita.cet.ac.il/pages/frontpage.asp,Not Found,Metah,Check result: dead-404.
https://lib.cet.ac.il/pages/about.asp,dead,moved-host,https://inactivesite.cet.ac.il/,×××,Metah,CET retired this library site; it redirects to inactivesite.cet.ac.il (checked 9-Oct-2026).
https://lib.cet.ac.il/pages/sub.asp?source=139,dead,moved-host,https://inactivesite.cet.ac.il/,×××,Metah,CET retired this library site; it redirects to inactivesite.cet.ac.il (checked 9-Oct-2026).
https://lib.cet.ac.il/pages/,dead,moved-host,https://inactivesite.cet.ac.il/,×××,Metah,CET retired this library site; it redirects to inactivesite.cet.ac.il (checked 9-Oct-2026).
https://web.nli.org.il/sites/NLI/Hebrew/library/services/interlibrary%20loan/Pages/photos_loan.aspx,dead,dead-410,https://web.nli.org.il/sites/NLI/Hebrew/library/services/interlibrary%20loan/Pages/photos_loan.aspx,410 Gone,National Library of Israel - ordering scans,Check result: dead-410.
https://digitalcollections.jtsa.edu/islandora/object/jts%3A617619,unverified,moved-host,https://makor.primo.exlibrisgroup.com/discovery/collectionDiscovery?vid=01JTS_INST:01JTS&lang=en,,Indexes of dissertations / theses,Redirects to makor.primo.exlibrisgroup.com; needs review.
https://tiresias.haifa.ac.il/?subj=burial,dead,dead-500,https://tiresias.haifa.ac.il/?subj=burial,500 Internal Server Error,Tiresias: The Ancient Mediterranean Religions Source Database,Check result: dead-500.
https://tiresias.haifa.ac.il/?subj=synagogue,dead,dead-500,https://tiresias.haifa.ac.il/?subj=synagogue,500 Internal Server Error,Tiresias: The Ancient Mediterranean Religions Source Database,Check result: dead-500.
https://tiresias.haifa.ac.il/texts,dead,dead-500,https://tiresias.haifa.ac.il/texts,500 Internal Server Error,Tiresias: The Ancient Mediterranean Religions Source Database,Check result: dead-500.
https://tiresias.haifa.ac.il/?subj=ezezez:1778,dead,dead-500,https://tiresias.haifa.ac.il/?subj=ezezez:1778,500 Internal Server Error,Tiresias: The Ancient Mediterranean Religions Source Database,Check result: dead-500.
http://tiresias.haifa.ac.il/,dead,dead-500,https://tiresias.haifa.ac.il/,500 Internal Server Error,Tiresias: The Ancient Mediterranean Religions Source Database,Check result: dead-500.
http://www.tyndalearchive.com/TABS/Jastrow//,hijacked,moved-host,https://northridgeautowrecking.com/,"HOKIBET88 > Link Hoki Slot Gacor Online Populer, Situs Slot88 Terbaik Tahun Ini",,Domain now redirects to an online-gambling spam site (checked 9-Oct-2026). Jastrow is on Sefaria and Wikisource; see the Dictionaries section.
https://hebrew-academy.org.il/%d7%94%d7%9e%d7%99%d7%9c%d7%95%d7%9f-2/,dead,dead-404,https://hebrew-academy.org.il/%D7%94%D7%9E%D7%99%D7%9C%D7%95%D7%9F-2/,העמוד לא נמצא – האקדמיה ללשון העברית,Academy of Hebrew language’s online dictionary,Check result: dead-404.
https://associationforjewishstudies.org/publications-research/adventures-in-jewish-studies-podcast,dead,dead-404,https://associationforjewishstudies.org/publications-research/adventures-in-jewish-studies-podcast,,AJS Adventure in Jewish Studies Podcast series,Check result: dead-404.
https://twitter.com/nlitorani,dead,dead-404,https://x.com/nlitorani,User Profile Not Found - X | 404 Error,Nathan Hirsch (@NLITorani),X reports the account does not exist (checked 9-Oct-2026).
https://www.sefaria.org/ai,unverified,moved-host,https://www.sefaria.org.il/ai,השימוש בבינה מלאכותית בספריא,Sefaria: AI features and Library Assistant,Redirects to sefaria.org.il; needs review.
https://www.sefaria.org/linker,unverified,moved-host,https://www.sefaria.org.il/linker,מחולל קישורים לספריא | ספריא,Sefaria Linker,Redirects to sefaria.org.il; needs review.
https://jellomenorah.substack.com/p/judaisms-three-doors-into-ai,unverified,moved-host,https://www.jellomenorah.com/p/judaisms-three-doors-into-ai,Judaism's three doors into AI - by David Zvi Kalman,Judaism's Three Doors into AI (Jello Menorah),Redirects to jellomenorah.com; needs review.
https://www.sefaria.org/topics/artificial-intelligence,unverified,moved-host,https://www.sefaria.org.il/topics/artificial-intelligence,מקורות מתוך ספריית ספריא,Artificial Intelligence Topic Page (Sefaria),Redirects to sefaria.org.il; needs review.
https://chrome.google.com/webstore/detail/talmud-sidebar-extension/dmpiiciebnbekblfbcdeogjkbbmeeimi,unverified,moved-host,https://chromewebstore.google.com/detail/talmud-sidebar-extension/dmpiiciebnbekblfbcdeogjkbbmeeimi,,Talmud Sidebar Extension,Redirects to chromewebstore.google.com; needs review.
