url,verdict,replacement,note,archive
https://www.herzog.ac.il/library-page/%d7%9e%d7%90%d7%92%d7%a8%d7%99%d7%9d-%d7%91%d7%97%d7%95%d7%92-%d7%9c%d7%9c%d7%a9%d7%95%d7%9f-%d7%a2%d7%91%d7%a8%d7%99%d7%aa/,moved,https://old.herzog.ac.il/library-page/%D7%9E%D7%90%D7%92%D7%A8%D7%99%D7%9D-%D7%91%D7%97%D7%95%D7%92-%D7%9C%D7%9C%D7%A9%D7%95%D7%9F-%D7%A2%D7%91%D7%A8%D7%99%D7%AA/,"Page kept on Herzog's old site, old.herzog.ac.il (verified 9-Oct-2026).",
https://www.herzog.ac.il/library-page/%d7%9e%d7%90%d7%92%d7%a8%d7%99%d7%9d-%d7%91%d7%97%d7%95%d7%92-%d7%9c%d7%9e%d7%97%d7%a9%d7%91%d7%aa-%d7%99%d7%a9%d7%a8%d7%90%d7%9c/,moved,https://old.herzog.ac.il/library-page/%D7%9E%D7%90%D7%92%D7%A8%D7%99%D7%9D-%D7%91%D7%97%D7%95%D7%92-%D7%9C%D7%9E%D7%97%D7%A9%D7%91%D7%AA-%D7%99%D7%A9%D7%A8%D7%90%D7%9C/,"Page kept on Herzog's old site, old.herzog.ac.il (verified 9-Oct-2026).",
https://www.herzog.ac.il/library-page/%d7%9e%d7%90%d7%92%d7%a8%d7%99%d7%9d-%d7%91%d7%97%d7%95%d7%92-%d7%9c%d7%a1%d7%a4%d7%a8%d7%95%d7%aa-%d7%a2%d7%91%d7%a8%d7%99%d7%aa/,moved,https://old.herzog.ac.il/library-page/%D7%9E%D7%90%D7%92%D7%A8%D7%99%D7%9D-%D7%91%D7%97%D7%95%D7%92-%D7%9C%D7%A1%D7%A4%D7%A8%D7%95%D7%AA-%D7%A2%D7%91%D7%A8%D7%99%D7%AA/,"Page kept on Herzog's old site, old.herzog.ac.il (verified 9-Oct-2026).",
https://www.associationforjewishstudies.org/professional-development/professional-development/digital-jewish-studies/perspectives-on-technology/online-resources-for-talmud-research-study-and-teaching,moved,https://associationforjewishstudies.org/docs/default-source/ajs-perspectives/ajsp10fa.pdf?sfvrsn=3bfadb06_2,"Web page removed; the article is in the AJS Perspectives Fall 2010 PDF, p. 46 (verified 9-Oct-2026).",
https://www.maanelashon.org/links,dead,,"The site's own Useful Links menu item still points here and returns 404; no replacement found (checked 9-Oct-2026).",
http://old.piyut.org.il/search/,moved,https://www.nli.org.il/he/discover/music/jewish-music/piyut,"Invitation to Piyut moved to the National Library site; piyut.org.il redirects there (NLI blocks automated checks; confirmed by redirect and search index, 9-Oct-2026).",
https://web.nli.org.il/sites/NLI/Hebrew/digitallibrary/moreshet_bareshet/Pages/default.aspx,dead,,"NLI retired its old web.nli.org.il site; no new page for its archive of legacy sites was found (checked 9-Oct-2026).",
https://web.nli.org.il/sites/nli/hebrew/collections/jewish-collection/talmud/pages/default.aspx,moved,https://www.nli.org.il/he/discover/judaism/jewish-bookshelf/oral-torah/talmudic-manuscripts,"Talmudic manuscripts search moved to nli.org.il (NLI blocks automated checks; confirmed by search index, 9-Oct-2026).",
https://web.nli.org.il/sites/nlis/en/manuscript,moved,https://www.nli.org.il/en/discover/manuscripts/hebrew-manuscripts,"Ktiv moved to nli.org.il (NLI blocks automated checks; confirmed by search index, 9-Oct-2026).",
https://editions.erabbinica.org/,dead,,"Domain no longer resolves and erabbinica.org refuses connections; only the code and data on GitLab remain (checked 9-Oct-2026).",
https://www.qerovot18.com/,dead,,"Site refuses or resets every connection; no new home found (checked 9-Oct-2026).",
http://uli.nli.org.il/F?func=find-b-0&local_base=mbi01,moved,https://www.nli.org.il/en/research-and-teach/catalogs/bibliographic-databases,"Old Aleph catalog retired; the NLI Bibliographic Databases page links to the Bibliography of the Hebrew Book catalog (NLI blocks automated checks; confirmed by search index, 9-Oct-2026).",
https://www.seforimonline.org/seforim-database/,hijacked,,"Domain now redirects to an unrelated gambling site; no new home for the collection was found (checked 9-Oct-2026).",
https://www.ybz.org.il/cathedra/gilyonot,moved,https://ybz.org.il/product-category/%d7%9b%d7%aa%d7%91-%d7%a2%d7%aa/%d7%a7%d7%aa%d7%93%d7%a8%d7%94/?show=grid,"Cathedra issue list moved to the Yad Ben-Zvi journal category page, issues 1-190 (verified 9-Oct-2026).",
https://herzogpress.herzog.ac.il/ktav.asp?id=2,moved,https://kitveyet.herzog.ac.il/magazine/netuim/,"Netu'im moved to Herzog's new journals site, kitveyet.herzog.ac.il (verified 9-Oct-2026).",
http://herzogpress.herzog.ac.il/ktav.asp?id=3,moved,https://kitveyet.herzog.ac.il/magazine/alatar/,"Al Atar moved to Herzog's new journals site, kitveyet.herzog.ac.il (verified 9-Oct-2026).",
https://libraries.ou.edu/content/understanding-academiaedu-and-researchgate,dead,,"Page is now only on legacy.libraries.ou.edu, which fails with a certificate error (checked 9-Oct-2026).",
https://lib.pshita.cet.ac.il/pages/frontpage.asp,dead,,"CET's Pshita library returns 404 on all pages; no new home found (checked 9-Oct-2026).",
https://lib.cet.ac.il/pages/about.asp,moved,https://www.lib.cet.ac.il/pages/about.asp,"The www.lib.cet.ac.il host still serves the CET library; only the bare host redirects to the retired-site notice (verified 9-Oct-2026).",
https://lib.cet.ac.il/pages/sub.asp?source=139,moved,https://www.lib.cet.ac.il/pages/sub.asp?source=139,"The www.lib.cet.ac.il host still serves the 55 Tarbiz items; only the bare host redirects to the retired-site notice (verified 9-Oct-2026).",
https://lib.cet.ac.il/pages/,moved,https://www.lib.cet.ac.il/pages/,"The www.lib.cet.ac.il host still serves the CET library; only the bare host redirects to the retired-site notice (verified 9-Oct-2026).",
https://web.nli.org.il/sites/NLI/Hebrew/library/services/interlibrary%20loan/Pages/photos_loan.aspx,moved,https://www.nli.org.il/en/at-your-service/document-delivery-service/scans-other-libraries,"Service moved to the NLI page for ordering scans from other libraries (NLI blocks automated checks; confirmed by search index, 9-Oct-2026).",
https://digitalcollections.jtsa.edu/islandora/object/jts%3A617619,dead,,"JTS retired its Islandora site; it redirects to the generic Makor collections page, and no item-level URL was found (checked 9-Oct-2026).",
https://tiresias.haifa.ac.il/?subj=burial,dead,,"Tiresias returns HTTP 500 on every page; no new site found (its data is on Zenodo, doi 10.5281/zenodo.14379118) (checked 9-Oct-2026).",
https://tiresias.haifa.ac.il/?subj=synagogue,dead,,"Tiresias returns HTTP 500 on every page; no new site found (checked 9-Oct-2026).",
https://tiresias.haifa.ac.il/texts,dead,,"Tiresias returns HTTP 500 on every page; no new site found (checked 9-Oct-2026).",
https://tiresias.haifa.ac.il/?subj=ezezez:1778,dead,,"Tiresias returns HTTP 500 on every page; no new site found (checked 9-Oct-2026).",
http://tiresias.haifa.ac.il/,dead,,"Tiresias returns HTTP 500 on every page; no new site found (its data is on Zenodo, doi 10.5281/zenodo.14379118) (checked 9-Oct-2026).",
http://www.tyndalearchive.com/TABS/Jastrow//,hijacked,https://www.instonebrewer.com/tyndalearchive/TABS/Jastrow/index.htm,"Old domain now redirects to a gambling spam site; the Tyndale Archive Jastrow scans moved to instonebrewer.com (verified 9-Oct-2026).",
https://hebrew-academy.org.il/%d7%94%d7%9e%d7%99%d7%9c%d7%95%d7%9f-2/,moved,https://hebrew-academy.org.il/%D7%94%D7%9E%D7%99%D7%9C%D7%95%D7%9F/,"Dictionary search page moved to /המילון/ (site blocks automated checks; confirmed by search index, 9-Oct-2026).",
https://associationforjewishstudies.org/publications-research/adventures-in-jewish-studies-podcast,moved,https://www.associationforjewishstudies.org/podcasts/adventures-in-jewish-studies,"Podcast page moved to /podcasts/adventures-in-jewish-studies (verified 9-Oct-2026).",
https://twitter.com/nlitorani,dead,,"X reports the account does not exist (checked 9-Oct-2026).",
https://www.sefaria.org/ai,ok,,"Redirects to sefaria.org.il for visitors in Israel only.",
https://www.sefaria.org/linker,ok,,"Redirects to sefaria.org.il for visitors in Israel only.",
https://jellomenorah.substack.com/p/judaisms-three-doors-into-ai,moved,https://www.jellomenorah.com/p/judaisms-three-doors-into-ai,"Newsletter moved to its own domain, jellomenorah.com (verified 9-Oct-2026).",
https://www.sefaria.org/topics/artificial-intelligence,ok,,"Redirects to sefaria.org.il for visitors in Israel only.",
https://chrome.google.com/webstore/detail/talmud-sidebar-extension/dmpiiciebnbekblfbcdeogjkbbmeeimi,moved,https://chromewebstore.google.com/detail/talmud-sidebar-extension/dmpiiciebnbekblfbcdeogjkbbmeeimi,"Chrome Web Store moved to chromewebstore.google.com (verified 9-Oct-2026).",
