url,status,final_url,title,result,error,wayback_url,wayback_ts
http://212.199.162.70/viewtopic.php?t=39717,200,http://212.199.162.70/viewtopic.php?t=39717,מאגר הסידורים הממוחשב הגדול בעולם – כעת ניתן לרכישה! - פורום אוצר החכמה,ok,,,
http://abuelafia.blogspot.com/,200,http://abuelafia.blogspot.com/,"לדעת ברוח - קבלת האותיות - מאת אמנון גרוס ע""פ דרכו של הרב אברהם אבולעפיה זצלה""ה",ok,,,
http://bav.bodleian.ox.ac.uk/about-the-project,200,https://bav.bodleian.ox.ac.uk/about-the-project,Home | Polonsky Foundation Digitization Project,redirect,,,
http://bav.bodleian.ox.ac.uk/digitized-items-hebrew-manuscripts,200,https://bav.bodleian.ox.ac.uk/digitized-items-hebrew-manuscripts,Home | Polonsky Foundation Digitization Project,redirect,,,
http://bibja.genizah.org/,200,http://bibja.genizah.org/Account/SSOSignIn?ReturnUrl=%2f,ביבליוגרפיה לערבית יהודית,redirect,,,
http://daf-yomi.com/BookFiles.aspx?type=1&id=142,200,http://daf-yomi.com/BookFiles.aspx?type=1&id=142,פורטל הדף היומי: מאגר ספרים - קובץ יסודות וחקירות,ok,,,
http://daf-yomi.com/BookFiles.aspx?type=1&id=242,200,http://daf-yomi.com/BookFiles.aspx?type=1&id=242,פורטל הדף היומי: מאגר ספרים - ברוח טובה,ok,,,
http://daf-yomi.com/BookFiles.aspx?type=1&id=36,200,http://daf-yomi.com/BookFiles.aspx?type=1&id=36,פורטל הדף היומי: מאגר ספרים - אמרי במערבא,ok,,,
http://daf-yomi.com/BookFiles.aspx?type=1&id=363,200,http://daf-yomi.com/BookFiles.aspx?type=1&id=363,"פורטל הדף היומי: מאגר ספרים - הידיעות המדעיות שבחז""ל",ok,,,
http://daf-yomi.com/BookFiles.aspx?type=1&id=369,200,http://daf-yomi.com/BookFiles.aspx?type=1&id=369,פורטל הדף היומי: מאגר ספרים - היחס שבין היקף המעגל...,ok,,,
http://daf-yomi.com/BookFiles.aspx?type=1&id=403,200,http://daf-yomi.com/BookFiles.aspx?type=1&id=403,פורטל הדף היומי: מאגר ספרים - דע מאין באו,ok,,,
http://daf-yomi.com/BookFiles.aspx?type=1&id=440,200,http://daf-yomi.com/BookFiles.aspx?type=1&id=440,פורטל הדף היומי: מאגר ספרים - באהלי שם,ok,,,
http://daf-yomi.com/BookFiles.aspx?type=1&id=442,200,http://daf-yomi.com/BookFiles.aspx?type=1&id=442,פורטל הדף היומי: מאגר ספרים - פלפולא דאורייתא,ok,,,
http://daf-yomi.com/BookFiles.aspx?type=1&id=513,200,http://daf-yomi.com/BookFiles.aspx?type=1&id=513,פורטל הדף היומי: מאגר ספרים - מנא להו?,ok,,,
http://daf-yomi.com/BookFiles.aspx?type=1&id=520,200,http://daf-yomi.com/BookFiles.aspx?type=1&id=520,פורטל הדף היומי: מאגר ספרים - דרכי התלמודים,ok,,,
http://daf-yomi.com/BookFiles.aspx?type=1&id=544,200,http://daf-yomi.com/BookFiles.aspx?type=1&id=544,פורטל הדף היומי: מאגר ספרים - מבוא ללימוד התלמוד הירושלמי,ok,,,
http://daf-yomi.com/BookFiles.aspx?type=1&id=558,200,http://daf-yomi.com/BookFiles.aspx?type=1&id=558,פורטל הדף היומי: מאגר ספרים - אמונה טהורה,ok,,,
http://daf-yomi.com/BookFiles.aspx?type=1&id=559,200,http://daf-yomi.com/BookFiles.aspx?type=1&id=559,פורטל הדף היומי: מאגר ספרים - שעשועי,ok,,,
http://daf-yomi.com/BookFiles.aspx?type=1&id=561,200,http://daf-yomi.com/BookFiles.aspx?type=1&id=561,"פורטל הדף היומי: מאגר ספרים - מיסודות הש""ס",ok,,,
http://daf-yomi.com/BookFilesAll.aspx?PageId=211,200,http://daf-yomi.com/BookFilesAll.aspx?PageId=211,פורטל הדף היומי: מאגר ספרים,ok,,,
http://daf-yomi.com/content.aspx?PageId=110,200,http://daf-yomi.com/content.aspx?PageId=110,פורטל הדף היומי: נוסחאות וגירסאות,ok,,,
http://daf-yomi.com/content.aspx?PageId=210,200,http://daf-yomi.com/content.aspx?PageId=210,פורטל הדף היומי: ספריה וירטואלית,ok,,,
http://daf-yomi.com/content.aspx?PageId=93,200,http://daf-yomi.com/content.aspx?PageId=93,פורטל הדף היומי: מפות,ok,,,
http://elucidation-not-translation.blogspot.com/,200,http://elucidation-not-translation.blogspot.com/,What's Bothering Artscroll?,ok,,,
http://englishhebraica.blogspot.com/,200,http://englishhebraica.blogspot.com/,English Hebraica,ok,,,
http://forum.otzar.org/viewtopic.php?f=7&t=25619,200,http://forum.otzar.org/viewtopic.php?f=7&t=25619,"סריקה והקלדה של רש""י על התורה כת""י לייפציג, וכת""י נוספים - פורום אוצר החכמה",ok,,,
http://hebrew.grimoar.cz/,200,http://hebrew.grimoar.cz/,Hebrejská knihovna kabalistických textù,ok,,,
http://herzogpress.herzog.ac.il/ktav.asp?id=3,500,https://herzogpress.herzog.ac.il/ktav.asp?id=3,500 - Internal server error.,dead-500,,,
http://hollanderbooks.blogspot.com/,200,http://hollanderbooks.blogspot.com/,Hollander Books Blog,ok,,,
http://imhm.blogspot.com/,200,http://imhm.blogspot.com/,גילוי מילתא בעלמא Giluy Milta B'alma,ok,,,
http://jgbherzog.jgaliciabukovina.net/index.php/he/article,200,http://jgbherzog.jgaliciabukovina.net/index.php/he/article,מאמרים ומסות | עד הנה - המרכז לחקר המורשת התורנית בגליציה ובוקובינה,ok,,,
http://jgbherzog.jgaliciabukovina.net/index.php/he/node/2,200,http://jgbherzog.jgaliciabukovina.net/index.php/he/node/2,אודותינו | עד הנה - המרכז לחקר המורשת התורנית בגליציה ובוקובינה,ok,,,
http://judaicaused.blogspot.com/,200,http://judaicaused.blogspot.com/,Musings of a Jewish Bookseller,ok,,,
http://kol-safran.blogspot.com/,200,http://kol-safran.blogspot.com/,Kol Safran קול ספרן,ok,,,
http://manuscriptboy.blogspot.com/,200,http://manuscriptboy.blogspot.com/,Hagahot,ok,,,
http://nleresources.com/2018/12/the-top-sites-to-do-torah-research-in-the-internet-era/#.YkTAlihBxPY,200,http://nleresources.com/2018/12/the-top-sites-to-do-torah-research-in-the-internet-era/#.YkTAlihBxPY,The Top Sites to do Torah Research in the Internet Era | OLAMI Resources,ok,,,
http://notrikon.blogspot.com/,200,http://notrikon.blogspot.com/,נוטריקון,ok,,,
http://old.piyut.org.il/search/,0,,,dead-dns,"ConnectionError: HTTPConnectionPool(host='old.piyut.org.il', port=80): Max retries exceeded with url: /search/ (Caused by NameResolutionError(""HTTPConnection(host='old.piyut.org.il', port=80): Failed to resolve 'old.piyut.org.il' ([Errno 11001] getaddrinfo failed)""))",,
http://onthemainline.blogspot.com/,200,http://onthemainline.blogspot.com/,On the Main Line,ok,,,
http://parsha.blogspot.com/,200,http://parsha.blogspot.com/,parshablog,ok,,,
http://rambish.org.il/,200,https://rambish.org.il/,"רמביש | רמבי""ש : רשימת מאמרים שלבני הישיבות | מפתח מאמרים תורניים",redirect,,,
http://sussmann.genizah.org/Home/ZussmanCatalog,200,http://fjms.genizah.org/?lang=eng,Friedberg Jewish Manuscript Society,moved-host,,,
http://tiresias.haifa.ac.il/,500,https://tiresias.haifa.ac.il/,500 Internal Server Error,dead-500,,,
http://uli.nli.org.il/F?func=find-b-0&local_base=mbi01,404,https://uli.nli.org.il/F?func=find-b-0&local_base=mbi01,Exlibris Alma - Error report,dead-404,,,
http://www.ashlagbaroch.org/,200,http://www.ashlagbaroch.org/,×§××× ××××§××¨,ok,,,
http://www.biu.ac.il/JS/midrash/VR/,200,"https://validate.perfdrive.com/?ssa=d256a750-2626-418c-a30e-e323dd27002c&ssb=36111255484&ssc=https%3A%2F%2Fwww.biu.ac.il%2FJS%2Fmidrash%2FVR%2F&ssi=9dd37099-d06e-433c-909d-690756f17fbf&ssk=botmanager_support@radware.com&ssm=88627786747269002108471601804868&ssn=2ec3c0e72595810235af10d32c62de060b9b7c5d45db-e9b8-4622-a18941&sso=05fddb3b-15d051b331ae1ffc1d189baaf323d1b25fd208da6f42b8b4&ssp=68841400371791598006179157064641853&ssq=13455425119361656076051193675913039539606&ssr=MzcuMTQyLjE1NC4xMjg=&sst=Mozilla/5.0%20(Windows%20NT%2010.0;%20Win64;%20x64)%20AppleWebKit/537.36%20(KHTML,%20like%20Gecko)%20Chrome/130.0%20Safari/537.36&ssu=&ssv=&ssw=&ssx=eyJfX3V6bWYiOiI3ZjkwMDA3YzVkNDVkYi1lOWI4LTQ2MjItYWIzYi0xNWQwNTFiMzMxYWUxLTE3OTE1NTExOTM4NDAwLTAwNTAwZDQ2YzQ3MjZkOGY3ZDQxMCIsInV6bXgiOiI3ZmMwMDA2OGRhY2Q3NS01MTY4LTRmMDgtYWMwYy01MTRiNzVhOTg3MDIxLTE3OTE1NTExOTM4NDAwLTAwOGZkZGVjNTg1MmIyYjgzNWQxMCIsInJkIjoiYml1LmFjLmlsIn0=",Radware Captcha Page,blocked,,,
http://www.halachabrura.org/alephlink.htm,200,http://www.halachabrura.org/alephlink.htm,ñôøéä åéøèåàìéú,ok,,,
http://www.halachabrura.org/library/library0.htm,200,http://www.halachabrura.org/library/library0.htm,"îëåï äìëä áøåøä - ñôøéä åéøèåàìéú - úð""ê åçæ""ì",ok,,,
http://www.halachabrura.org/library/library6.htm,200,http://www.halachabrura.org/library/library6.htm,îëåï äìëä áøåøä - ñôøéä åéøèåàìéú - ÷áìä,ok,,,
http://www.halachabrura.org/library/library8l.htm#%D7%90%D7%91%D7%95%D7%AA,200,http://www.halachabrura.org/library/library8l.htm#%D7%90%D7%91%D7%95%D7%AA,"îëåï äìëä áøåøä - ñôøéä åéøèåàìéú - îôøùé àâãåú äúìîåã, éøåùìîé, úåñôúà, îãøùéí åôø÷é àáåú",ok,,,
http://www.hebrew-bibliography.com/,200,https://www.hebrew-bibliography.com/,Hebrew-Bibliography,redirect,,,
http://www.huji.ac.il/htbin/doctors/index.cgi?tofes,200,https://www.huji.ac.il/htbin/doctors/index.cgi?tofes,,redirect,,,
http://www.israel613.com/,200,http://www.israel613.com/,Israel 613,ok,,,
http://www.jewishdigitalcollections.com/,200,https://www.jewishdigitalcollections.com/,Jewish Digital Collections and Jewish Study Guides - Jewish Digital Collections & Jewish Study Guides,redirect,,,
http://www.jewishdigitalcollections.com/about.html,200,https://www.jewishdigitalcollections.com/about.html,Jewish Digital Collections & Jewish Study Guides - Jewish Digital Collections and Jewish Study Guides,redirect,,,
http://www.jewishdigitalcollections.com/jewish-studies-guides.html,200,https://www.jewishdigitalcollections.com/jewish-studies-guides.html,Jewish Studies Guides - Jewish Digital Collections and Jewish Study Guides,redirect,,,
http://www.machonso.org/hamaayan/?task=list,200,https://www.machonso.org/hamaayan/?task=list,- îëåï ùìîä àåîï,redirect,,,
http://www.oqimta.org.il/PrevPublic.aspx,200,https://www.oqimta.org.il/PrevPublic.aspx,,redirect,,,
http://www.rationalistjudaism.com/,200,https://www.rationalistjudaism.com/,Rationalist Judaism | Natan Slifkin | Substack,redirect,,,
http://www.steinheim-institut.de/cgi-bin/epidat?lang=en&release=beta&id=&info=&show=&project=,200,https://www.steinheim-institut.de/cgi-bin/epidat?lang=en&release=beta&id=&info=&show=&project=,Making sure you're not a bot!,redirect,,,
http://www.talmudha-igud.org.il/nosafot.asp?lang=en&id=5,200,https://www.talmudha-igud.org.il/nosafot.asp?lang=en&id=5,Igud HaTalmud - The Igud Publications,redirect,,,
http://www.tyndalearchive.com/TABS/Jastrow//,200,https://northridgeautowrecking.com/,"HOKIBET88 > Link Hoki Slot Gacor Online Populer, Situs Slot88 Terbaik Tahun Ini",moved-host,,,
https://7minim.wordpress.com/tag/%d7%a7%d7%91%d7%9c%d7%94/,200,https://7minim.wordpress.com/tag/%D7%A7%D7%91%D7%9C%D7%94/,קבלה | מינים,redirect,,,
https://abbreviation.dicta.org.il/,200,https://abbreviation.dicta.org.il/,פיענוח ראשי תיבות רבניים - חינמי מבית דיקטה,ok,,,
https://alhatorah.org/,200,https://alhatorah.org/,ALHATORAH.ORG,ok,,,
https://alhatorah.org/About:Our_Mission/0/en,200,https://alhatorah.org/About:Our_Mission/0/en,About:Our Mission/0/en – AlHaTorah.org,ok,,,
https://alhatorah.org/About:Who_We_Are/en,200,https://alhatorah.org/About:Who_We_Are/en,About:Who We Are/en – AlHaTorah.org,ok,,,
https://alhatorah.org/Commentators:Bereshit_Rabbah,200,https://alhatorah.org/Commentators:Bereshit_Rabbah,Commentators:Bereshit Rabbah – AlHaTorah.org,ok,,,
https://alhatorah.org/Commentators:Home/0,200,https://alhatorah.org/Commentators:Home/0,Commentators:Home/0 – AlHaTorah.org,ok,,,
https://alhatorah.org/Commentators:Home/TopicList,200,https://alhatorah.org/Commentators:Home/TopicList,Commentators:Home/TopicList – AlHaTorah.org,ok,,,
https://alhatorah.org/Commentators:Ibn_Ezra's_Torah_Commentary,200,https://alhatorah.org/Commentators:Ibn_Ezra's_Torah_Commentary/1/he,Commentators:Ibn Ezra's Torah Commentary/1/he – AlHaTorah.org,redirect,,,
https://alhatorah.org/Commentators:Mekhilta_DeRabbi_Yishmael,200,https://alhatorah.org/Commentators:Mekhilta_DeRabbi_Yishmael,Commentators:Mekhilta DeRabbi Yishmael – AlHaTorah.org,ok,,,
https://alhatorah.org/Commentators:R._Yitzchak_Alfasi_(Rif)/0/he,200,https://alhatorah.org/Commentators:R._Yitzchak_Alfasi_(Rif)/0/he,Commentators:R. Yitzchak Alfasi (Rif)/0/he – AlHaTorah.org,ok,,,
https://alhatorah.org/Commentators:R._Yosef_Bekhor_Shor's_Torah_Commentary,200,https://alhatorah.org/Commentators:R._Yosef_Bekhor_Shor's_Torah_Commentary/1/he,Commentators:R. Yosef Bekhor Shor's Torah Commentary/1/he – AlHaTorah.org,redirect,,,
https://alhatorah.org/Commentators:R._Yosef_Kara's_Torah_Commentary/1/en,200,https://alhatorah.org/Commentators:R._Yosef_Kara's_Torah_Commentary/1/en,Commentators:R. Yosef Kara's Torah Commentary/1/en – AlHaTorah.org,ok,,,
https://alhatorah.org/Commentators:Ramban's_Updates,200,https://alhatorah.org/Commentators:Ramban's_Updates/1/he,Commentators:Ramban's Updates/1/he – AlHaTorah.org,redirect,,,
https://alhatorah.org/Commentators:Rashbam's_Commentary_on_Avodah_Zarah/0/he,200,https://alhatorah.org/Commentators:Rashbam's_Commentary_on_Avodah_Zarah/0/he,Commentators:Rashbam's Commentary on Avodah Zarah/0/he – AlHaTorah.org,ok,,,
https://alhatorah.org/Commentators:Rashbam's_Torah_Commentary/1/en,200,https://alhatorah.org/Commentators:Rashbam's_Torah_Commentary/1/en,Commentators:Rashbam's Torah Commentary/1/en – AlHaTorah.org,ok,,,
https://alhatorah.org/Commentators:Rashi_Leipzig_1/1/en,200,https://alhatorah.org/Commentators:Rashi_Leipzig_1/1/en,Commentators:Rashi Leipzig 1/1/en – AlHaTorah.org,ok,,,
https://alhatorah.org/Commentators:Sifra,200,https://alhatorah.org/Commentators:Sifra,Commentators:Sifra – AlHaTorah.org,ok,,,
https://amhasefer.wordpress.com/,200,https://amhasefer.wordpress.com/,"עם הספר | בלוג מנהל ספריית הרמב""ם",ok,,,
https://appstore.artscroll.com/,200,https://appstore.artscroll.com/,Appstore ArtScroll.com,ok,,,
https://aramaiczohar.wordpress.com/,200,https://aramaiczohar.wordpress.com/,The Aramaic Language of the Zohar | Resources for studying Kabbalah in the original language,ok,,,
https://archive.org/details/culhebrewmss?tab=collection,200,https://archive.org/details/culhebrewmss?tab=collection,"Internet Archive: Digital Library of Free & Borrowable Texts, Movies, Music & Wayback Machine",ok,,,
https://archives.cjh.org/,200,https://archives.cjh.org/,ArchivesSpace Public Interface | The Center for Jewish History ArchivesSpace,ok,,,
https://asif.co.il/%d7%a1%d7%a4%d7%a8%d7%99%d7%99%d7%aa-%d7%99%d7%95%d7%9e%d7%90/%d7%93%d7%a4%d7%99-%d7%99%d7%a9%d7%99%d7%91%d7%95%d7%aa/,200,https://asif.co.il/%D7%A1%D7%A4%D7%A8%D7%99%D7%99%D7%AA-%D7%99%D7%95%D7%9E%D7%90/%D7%93%D7%A4%D7%99-%D7%99%D7%A9%D7%99%D7%91%D7%95%D7%AA/,ישיבות וכתבי עת – ספריית אסיף,redirect,,,
https://asif.co.il/%d7%a1%d7%a4%d7%a8%d7%99%d7%99%d7%aa-%d7%99%d7%95%d7%9e%d7%90/%d7%a1%d7%a4%d7%a8%d7%99%d7%9d/,200,https://asif.co.il/%D7%A1%D7%A4%D7%A8%D7%99%D7%99%D7%AA-%D7%99%D7%95%D7%9E%D7%90/%D7%A1%D7%A4%D7%A8%D7%99%D7%9D/,ספרים – ספריית אסיף,redirect,,,
https://asif.co.il/%d7%a1%d7%a4%d7%a8%d7%99%d7%99%d7%aa-%d7%99%d7%95%d7%9e%d7%90/%d7%a1%d7%a4%d7%a8%d7%99%d7%9d/%d7%9e%d7%a9%d7%a0%d7%aa-%d7%aa%d7%a0%d7%90%d7%99%d7%9d/,200,https://asif.co.il/%D7%A1%D7%A4%D7%A8%D7%99%D7%99%D7%AA-%D7%99%D7%95%D7%9E%D7%90/%D7%A1%D7%A4%D7%A8%D7%99%D7%9D/%D7%9E%D7%A9%D7%A0%D7%AA-%D7%AA%D7%A0%D7%90%D7%99%D7%9D/,משנת תנאים – ספריית אסיף,redirect,,,
https://asif.co.il/%d7%a1%d7%a4%d7%a8%d7%99%d7%99%d7%aa-%d7%99%d7%95%d7%9e%d7%90/%d7%a2%d7%91%d7%95%d7%93%d7%95%d7%aa-%d7%97%d7%a7%d7%a8/,200,https://asif.co.il/%D7%A1%D7%A4%D7%A8%D7%99%D7%99%D7%AA-%D7%99%D7%95%D7%9E%D7%90/%D7%A2%D7%91%D7%95%D7%93%D7%95%D7%AA-%D7%97%D7%A7%D7%A8/,עבודות חקר – ספריית אסיף,redirect,,,
https://associationforjewishstudies.org/publications-research/adventures-in-jewish-studies-podcast,404,https://associationforjewishstudies.org/publications-research/adventures-in-jewish-studies-podcast,,dead-404,,http://web.archive.org/web/20240402002950/https://associationforjewishstudies.org/publications-research/adventures-in-jewish-studies-podcast,20240402002950
https://bavli.genizah.org/,200,https://fjms.genizah.org,Friedberg Jewish Manuscript Society,moved-host,,,
https://bavli.genizah.org/Content/pdfFile/Introductions_B/Introductions_Eng/The%20Hachi%20Garsinan%20Project%20as%20a%20Critical%20Edition%20of%20the%20Talm.pdf,200,https://bavli.genizah.org/Content/pdfFile/Introductions_B/Introductions_Eng/The%20Hachi%20Garsinan%20Project%20as%20a%20Critical%20Edition%20of%20the%20Talm.pdf,,ok,,,
https://bavli.genizah.org/GeneralPages/DKS/DKS_Browse,200,https://fjms.genizah.org,Friedberg Jewish Manuscript Society,moved-host,,,
https://benyehuda.org/,200,https://benyehuda.org/,פרויקט בן־יהודה - דף הבית,ok,,,
https://benyehuda.org/author/1457,200,https://benyehuda.org/author/1457,אלעזר בירבי קליר - דף יוצר - פרויקט בן־יהודה,ok,,,
https://benyehuda.org/author/1470,200,https://benyehuda.org/author/1470,יניי - דף יוצר - פרויקט בן־יהודה,ok,,,
https://benyehuda.org/author/161,200,https://benyehuda.org/author/161,יהודה הלוי - דף יוצר - פרויקט בן־יהודה,ok,,,
https://benyehuda.org/author/180,200,https://benyehuda.org/author/180,שלמה אבן גבירול - דף יוצר - פרויקט בן־יהודה,ok,,,
https://benyehuda.org/dict/24412,200,https://benyehuda.org/dict/24412,מילון העברית הישנה והחדשה / אליעזר בן־יהודה - פרויקט בן־יהודה,ok,,,
https://benyehuda.org/period/medieval,200,https://benyehuda.org/period/medieval,פרויקט בן־יהודה,ok,,,
https://benyehuda.org/read/35887,200,https://benyehuda.org/read/35887,אוֹנֵי פִטְרִי / יניי - פרויקט בן־יהודה,ok,,,
https://beta.hebrewbooks.org/#gsc.tab=0,200,https://beta.hebrewbooks.org/#gsc.tab=0,HebrewBooks.org Home Page,ok,,,
https://biu.primo.exlibrisgroup.com/,200,https://biu.primo.exlibrisgroup.com/nde/search?vid=972BIU_INST%3ABIUNDE,PrimoVeNde,redirect,,,
https://blog.mivami.org/2020/03/some-excellent-talmud-projects-out-there.html,200,https://blog.mivami.org/2020/03/some-excellent-talmud-projects-out-there.html,mi vami: Some excellent Talmud projects out there,ok,,,
https://blog.nli.org.il/,403,https://blog.nli.org.il/,Checking your browser...,blocked,,http://web.archive.org/web/20251231063254/https://blog.nli.org.il/,20251231063254
https://blog.nli.org.il/en/,403,https://blog.nli.org.il/en/,Checking your browser...,blocked,,http://web.archive.org/web/20261006173729/https://blog.nli.org.il/en/,20261006173729
https://blogs.cul.columbia.edu/jewishstudiesatcul/,200,https://blogs.library.columbia.edu/jewishstudiesatcul/,Making sure you're not a bot!,moved-host,,,
https://books.google.com/,200,https://books.google.com/,"Google Books: Find, Preview, and Read Books Online.",ok,,,
https://books.google.com/advanced_book_search,200,https://books.google.com/advanced_book_search,Advanced Book Search,ok,,,
https://brill.com/view/book/edcoll/9789004325234/B9789004325234_013.xml,200,https://brill.com/display/book/edcoll/9789004325234/B9789004325234_013.xml,12 Digital Resources of the Rabbinic Literature: Radical Change with a Click of the Mouse in: Ancient Worlds in Digital Culture,redirect,,,
https://brill.com/view/db/ehhl,200,https://referenceworks.brill.com/display/db/ehhl,Encyclopedia of Hebrew Language and Linguistics Online,moved-host,,,
https://brill.com/view/db/ejhc,200,https://referenceworks.brill.com/display/db/ejhc,Encyclopedia of Jewish History and Cultures Online,moved-host,,,
https://brill.com/view/db/ejio,200,https://referenceworks.brill.com/display/db/ejio,Encyclopedia of Jews in the Islamic World Online,moved-host,,,
https://brill.com/view/db/ejo,200,https://referenceworks.brill.com/display/db/ejo,Encyclopaedia of Judaism Online,moved-host,,,
https://castbox.fm/channel/%D7%A2%D7%9D-%D7%94%D7%A1%D7%A4%D7%A8---%D7%A1%D7%A4%D7%A8%D7%99%D7%99%D7%AA-%D7%94%D7%A8%D7%9E%D7%91%22%D7%9D-%D7%91%D7%99%D7%AA-%D7%90%D7%A8%D7%99%D7%90%D7%9C%D7%94-id1922735,200,https://castbox.fm/channel/%D7%A2%D7%9D-%D7%94%D7%A1%D7%A4%D7%A8---%D7%A1%D7%A4%D7%A8%D7%99%D7%99%D7%AA-%D7%94%D7%A8%D7%9E%D7%91%22%D7%9D-%D7%91%D7%99%D7%AA-%D7%90%D7%A8%D7%99%D7%90%D7%9C%D7%94-id1922735,"עם הספר - ספריית הרמב""ם בית אריאלה | Listen Free on Castbox.",ok,,,
https://chabadlibrary.org/books/,200,https://chabadlibrary.org/books/,ספריית ליובאוויטש,ok,,,
https://citation.dicta.org.il/,200,https://citation.dicta.org.il/,איתור אזכורים תנ״כיים ותלמודיים - חינמי מבית דיקטה,ok,,,
https://cja.huji.ac.il/browser.php,200,https://cja.huji.ac.il/browser.php,Center for Jewish Art,ok,,,
https://daat.ac.il/EPUB/home.asp,0,,,timeout,"ReadTimeout: HTTPSConnectionPool(host='daat.ac.il', port=443): Read timed out. (read timeout=30)",,
https://daat.ac.il/daat/bibliogr/allbooks.asp?sub=0,0,,,timeout,"ReadTimeout: HTTPSConnectionPool(host='daat.ac.il', port=443): Read timed out. (read timeout=30)",,
https://daat.ac.il/he-il/kitveyet/,0,,,timeout,"ReadTimeout: HTTPSConnectionPool(host='daat.ac.il', port=443): Read timed out. (read timeout=30)",,
https://daat.ac.il/he-il/kitveyet/hamayan/gilyonot,0,,,timeout,"ReadTimeout: HTTPSConnectionPool(host='daat.ac.il', port=443): Read timed out. (read timeout=30)",,
https://daat.ac.il/he-il/kitveyet/taleley_orot,0,,,timeout,"ReadTimeout: HTTPSConnectionPool(host='daat.ac.il', port=443): Read timed out. (read timeout=30)",,
https://daf-yomi.com/forums/forum.aspx?id=1,200,https://daf-yomi.com/forums/forum.aspx?id=1,פורטל הדף היומי: פורטל הדף היומי,ok,,,
https://de.wikisource.org/wiki/Digitale_Sammlungen,200,https://de.wikisource.org/wiki/Digitale_Sammlungen,Digitale Sammlungen – Wikisource,ok,,,
https://dhjewish.org/projects,403,https://dhjewish.org/projects,Visitor anti-robot validation,blocked,,,
https://dicta.org.il/,200,https://dicta.org.il/,DICTA,ok,,,
https://dicta.org.il/about,200,https://dicta.org.il/about,DICTA,ok,,,
https://digipres.cjh.org/delivery/DeliveryManagerServlet?dps_pid=IE4934153,200,https://digipres.cjh.org/delivery/DeliveryManagerServlet?dps_pid=IE4934153,Sefer Derekh yesharah : magid la-ʼadam ... u-madrik̲o be-derek̲ yešarah ... /,ok,,,
https://digital.bodleian.ox.ac.uk/collections/hebrew/,200,https://digital.bodleian.ox.ac.uk/collections/hebrew/,Hebrew Manuscripts and Printed Books,ok,,,
https://digitalcollections.jtsa.edu/islandora/object/jts%3A617619,200,https://makor.primo.exlibrisgroup.com/discovery/collectionDiscovery?vid=01JTS_INST:01JTS&lang=en,,moved-host,,,
https://dijest.net/digitize-your-texts-with-transkribus/,403,https://dijest.net/digitize-your-texts-with-transkribus/,Visitor anti-robot validation,blocked,,,
https://docs.google.com/document/u/1/d/1ZfHfZsLh2qYBM6Q6Qp18csQvYQMBUOvjfwPCRn9iyJk/mobilebasic,200,https://docs.google.com/document/u/1/d/1ZfHfZsLh2qYBM6Q6Qp18csQvYQMBUOvjfwPCRn9iyJk/mobilebasic,Sources on the Net,ok,,,
https://eajs-2023.eu/133556336/DH_Tutorials,200,https://eajs-2023.eu/133556336/DH_Tutorials,Goethe-Universität — DH Tutorials,ok,,,
https://ebooks.psik.io/home,200,https://ebooks.psik.io/home,×¤×¡××§ - ××¡×¤×¨××× ×××××××××ª,ok,,,
https://edblogs.columbia.edu/footprints/,200,https://edblogs.columbia.edu/footprints/,Footprints Blog – Tracing Jewish Books Through Time and Place,ok,,,
https://editions.erabbinica.org/,0,,,dead-dns,"ConnectionError: HTTPSConnectionPool(host='editions.erabbinica.org', port=443): Max retries exceeded with url: / (Caused by NameResolutionError(""HTTPSConnection(host='editions.erabbinica.org', port=443): Failed to resolve 'editions.erabbinica.org' ([Errno 11001] getaddrinfo failed)""))",,
https://elyonimvetachtonim.project.uj.edu.pl/en_GB/about/legacy,200,https://elyonimvetachtonim.project.uj.edu.pl/en_GB/about/legacy,Legacy - Elyonim veTachtonim. System of Analysis of Supernatural Entities - Institute of Comparative Studies of Civilisations,ok,,,
https://elyonimvetachtonim.project.uj.edu.pl/en_GB/databases/babylonian-talmud,200,https://elyonimvetachtonim.project.uj.edu.pl/en_GB/databases/babylonian-talmud,Babylonian Talmud - Elyonim veTachtonim. System of Analysis of Supernatural Entities - Institute of Comparative Studies of Civilisations,ok,,,
https://en.wikipedia.org/wiki/%E1%B8%A4akirah_(journal),200,https://en.wikipedia.org/wiki/%E1%B8%A4akirah_(journal),Ḥakirah (journal) - Wikipedia,ok,,,
https://en.wikipedia.org/wiki/Abraham_Abulafia,200,https://en.wikipedia.org/wiki/Abraham_Abulafia,Abraham Abulafia - Wikipedia,ok,,,
https://en.wikipedia.org/wiki/Academy_of_the_Hebrew_Language,200,https://en.wikipedia.org/wiki/Academy_of_the_Hebrew_Language,Academy of the Hebrew Language - Wikipedia,ok,,,
https://en.wikipedia.org/wiki/Amidah,200,https://en.wikipedia.org/wiki/Amidah,Amidah - Wikipedia,ok,,,
https://en.wikipedia.org/wiki/Bar_Ilan_Responsa_Project,200,https://en.wikipedia.org/wiki/Bar_Ilan_Responsa_Project,Bar Ilan Responsa Project - Wikipedia,ok,,,
https://en.wikipedia.org/wiki/Closed_platfor,404,https://en.wikipedia.org/wiki/Closed_platfor,Closed platfor - Wikipedia,dead-404,,,
https://en.wikipedia.org/wiki/Electronic_publishing,200,https://en.wikipedia.org/wiki/Electronic_publishing,Electronic publishing - Wikipedia,ok,,,
https://en.wikipedia.org/wiki/Freemium,200,https://en.wikipedia.org/wiki/Freemium,Freemium - Wikipedia,ok,,,
https://en.wikipedia.org/wiki/Haaretz,200,https://en.wikipedia.org/wiki/Haaretz,Haaretz - Wikipedia,ok,,,
https://en.wikipedia.org/wiki/Jewish_Review_of_Books,200,https://en.wikipedia.org/wiki/Jewish_Review_of_Books,Jewish Review of Books - Wikipedia,ok,,,
https://en.wikipedia.org/wiki/Judaica_Archival_Project,200,https://en.wikipedia.org/wiki/Judaica_Archival_Project,Judaica Archival Project - Wikipedia,ok,,,
https://en.wikipedia.org/wiki/Link_rot,200,https://en.wikipedia.org/wiki/Link_rot,Link rot - Wikipedia,ok,,,
https://en.wikipedia.org/wiki/List_of_digital_library_projects,200,https://en.wikipedia.org/wiki/List_of_digital_library_projects,List of digital library projects - Wikipedia,ok,,,
https://en.wikipedia.org/wiki/Makor_Rishon,200,https://en.wikipedia.org/wiki/Makor_Rishon,Makor Rishon - Wikipedia,ok,,,
https://en.wikipedia.org/wiki/Mamre_Institute,200,https://en.wikipedia.org/wiki/Mamre_Institute,Mamre Institute - Wikipedia,ok,,,
https://en.wikipedia.org/wiki/Open_Siddur_Project,200,https://en.wikipedia.org/wiki/Open_Siddur_Project,Open Siddur Project - Wikipedia,ok,,,
https://en.wikipedia.org/wiki/Open_access,200,https://en.wikipedia.org/wiki/Open_access,Open access - Wikipedia,ok,,,
https://en.wikipedia.org/wiki/Piyyut,200,https://en.wikipedia.org/wiki/Piyyut,Piyyut - Wikipedia,ok,,,
https://en.wikipedia.org/wiki/Project_MUSE,200,https://en.wikipedia.org/wiki/Project_MUSE,Project Muse - Wikipedia,ok,,,
https://en.wikipedia.org/wiki/Rabbinic_literature#External_links,200,https://en.wikipedia.org/wiki/Rabbinic_literature#External_links,Rabbinic literature - Wikipedia,ok,,,
https://en.wikipedia.org/wiki/Sefaria,200,https://en.wikipedia.org/wiki/Sefaria,Sefaria - Wikipedia,ok,,,
https://en.wikipedia.org/wiki/Tablet_(magazine),200,https://en.wikipedia.org/wiki/Tablet_(magazine),Tablet (magazine) - Wikipedia,ok,,,
https://en.wikipedia.org/wiki/Text_Encoding_Initiative,200,https://en.wikipedia.org/wiki/Text_Encoding_Initiative,Text Encoding Initiative - Wikipedia,ok,,,
https://en.wikipedia.org/wiki/Torah_database,200,https://en.wikipedia.org/wiki/Torah_database,Torah database - Wikipedia,ok,,,
https://en.wikipedia.org/wiki/Torah_database#Mikra'ot_Gedolot_Haketer,200,https://en.wikipedia.org/wiki/Torah_database#Mikra'ot_Gedolot_Haketer,Torah database - Wikipedia,ok,,,
"https://en.wikisource.org/wiki/A_Dictionary_of_the_Targumim,_the_Talmud_Babli_and_Yerushalmi,_and_the_Midrashic_Literature",200,"https://en.wikisource.org/wiki/A_Dictionary_of_the_Targumim,_the_Talmud_Babli_and_Yerushalmi,_and_the_Midrashic_Literature","A Dictionary of the Targumim, the Talmud Babli and Yerushalmi, and the Midrashic Literature - Wikisource, the free online library",ok,,,
https://escripta.hypotheses.org/500,200,https://escripta.hypotheses.org/500,,ok,,,
https://esknowcirc.hypotheses.org/,200,https://esknowcirc.hypotheses.org/,,ok,,,
https://etc.princeton.edu/sefer_hasidim/index.php?a=about,200,https://etc.princeton.edu/sefer_hasidim/index.php?a=about,Princeton University Sefer Hasidim Database (PUSHD),ok,,,
https://etc.princeton.edu/sefer_hasidim/index.php?a=manuscripts,200,https://etc.princeton.edu/sefer_hasidim/index.php?a=manuscripts,Princeton University Sefer Hasidim Database (PUSHD),ok,,,
https://fgp.genizah.org/,200,https://fgp.genizah.org/,Friedberg Genizah Project,ok,,,
https://fjms.genizah.org/,200,https://fjms.genizah.org/,Friedberg Jewish Manuscript Society,ok,,,
https://forum.otzar.org/index.php,200,https://forum.otzar.org/index.php,פורום אוצר החכמה - עמוד ראשי,ok,,,
https://forum.otzar.org/viewtopic.php?f=7&t=22946,200,https://forum.otzar.org/viewtopic.php?f=7&t=22946,"רשימת אתרים ואשכולות לסריקות כת""י וספרי דפוס עתיקים - פורום אוצר החכמה",ok,,,
https://forum.otzar.org/viewtopic.php?f=7&t=22946#p229554,200,https://forum.otzar.org/viewtopic.php?f=7&t=22946#p229554,"רשימת אתרים ואשכולות לסריקות כת""י וספרי דפוס עתיקים - פורום אוצר החכמה",ok,,,
https://forum.otzar.org/viewtopic.php?f=7&t=22946#p229838,200,https://forum.otzar.org/viewtopic.php?f=7&t=22946#p229838,"רשימת אתרים ואשכולות לסריקות כת""י וספרי דפוס עתיקים - פורום אוצר החכמה",ok,,,
https://forum.otzar.org/viewtopic.php?t=25426,200,https://forum.otzar.org/viewtopic.php?t=25426,קובץ 'בית אהרן וישראל' | גליון חדש להורדה - פורום אוצר החכמה,ok,,,
https://geniza.princeton.edu/en/documents/,200,https://geniza.princeton.edu/en/documents/,Documents,ok,,,
https://genizalab.princeton.edu/pgp-database/about,403,https://genizalab.princeton.edu/pgp-database/about,Just a moment...,blocked,,,
https://genizalab.princeton.edu/projects/handwritten-text-recognition,403,https://genizalab.princeton.edu/projects/handwritten-text-recognition,Just a moment...,blocked,,,
https://gitlab.com/scripta/escriptorium,200,https://gitlab.com/scripta/escriptorium,Scripta / escriptorium · GitLab,ok,,,
https://guides.library.georgetown.edu/hebrew/reference,200,https://guides.library.georgetown.edu/hebrew/reference,Reference Works - Hebrew and Jewish Studies - Guides at Georgetown University,ok,,,
https://guides.library.jhu.edu/jewish-studies/research-resources,200,https://guides.library.jhu.edu/jewish-studies/research-resources,Resources for Doing Research - Jewish Studies - Guides at Johns Hopkins University,ok,,,
https://guides.library.upenn.edu/earlyprintedhebrewbook,200,https://guides.library.upenn.edu/earlyprintedhebrewbook,Introduction - History of the Early Printed Hebrew Book - Guides at Penn Libraries,ok,,,
https://guides.library.upenn.edu/judaica-resources/etexts,200,https://guides.library.upenn.edu/judaica-resources/etexts,eTexts - Directory of Judaica online resources - Guides at Penn Libraries,ok,,,
https://guides.nyu.edu/c.php?g=276652&p=1845363,200,https://guides.nyu.edu/c.php?g=276652&p=1845363,Digital Collection Gateways: a Selection - Hebrew and Judaic Studies - Research Guides at New York University,ok,,,
https://haifa.academia.edu/MenachemKatz,403,https://haifa.academia.edu/MenachemKatz,Just a moment...,blocked,,,
https://hakirah.org/Archieve.htm,200,https://hakirah.org/Archieve.htm,Purchase a Copy of Hakirah Volume 1,ok,,,
https://hamore.openapp.co.il/index.php/%D7%A2%D7%9E%D7%95%D7%93_%D7%A8%D7%90%D7%A9%D7%99,200,https://hamore.openapp.co.il/index.php/%D7%A2%D7%9E%D7%95%D7%93_%D7%A8%D7%90%D7%A9%D7%99,מורה הנבוכים,ok,,,
https://hcommons.org/deposits/?tag=hebrew+literature,202,https://hcommons.org/deposits/?tag=hebrew+literature,,ok,,,
https://he.wikipedia.org/wiki/%D7%90%D7%95%D7%A6%D7%A8_%D7%94%D7%97%D7%9B%D7%9E%D7%94,200,https://he.wikipedia.org/wiki/%D7%90%D7%95%D7%A6%D7%A8_%D7%94%D7%97%D7%9B%D7%9E%D7%94,אוצר החכמה – ויקיפדיה,ok,,,
https://he.wikipedia.org/wiki/%D7%90%D7%95%D7%A7%D7%99%D7%9E%D7%AA%D7%90_(%D7%9B%D7%AA%D7%91_%D7%A2%D7%AA),200,https://he.wikipedia.org/wiki/%D7%90%D7%95%D7%A7%D7%99%D7%9E%D7%AA%D7%90_(%D7%9B%D7%AA%D7%91_%D7%A2%D7%AA),אוקימתא (כתב עת) – ויקיפדיה,ok,,,
https://he.wikipedia.org/wiki/%D7%90%D7%A8%D7%A9%D7%AA:_%D7%A1%D7%A4%D7%A8_%D7%A9%D7%A0%D7%94_%D7%9C%D7%97%D7%A7%D7%A8_%D7%94%D7%A1%D7%A4%D7%A8_%D7%94%D7%A2%D7%91%D7%A8%D7%99,200,https://he.wikipedia.org/wiki/%D7%90%D7%A8%D7%A9%D7%AA:_%D7%A1%D7%A4%D7%A8_%D7%A9%D7%A0%D7%94_%D7%9C%D7%97%D7%A7%D7%A8_%D7%94%D7%A1%D7%A4%D7%A8_%D7%94%D7%A2%D7%91%D7%A8%D7%99,ארשת: ספר שנה לחקר הספר העברי – ויקיפדיה,ok,,,
https://he.wikipedia.org/wiki/%D7%92%D7%A0%D7%96%D7%99_%D7%A7%D7%93%D7%9D_(%D7%A9%D7%A0%D7%AA%D7%95%D7%9F),200,https://he.wikipedia.org/wiki/%D7%92%D7%A0%D7%96%D7%99_%D7%A7%D7%93%D7%9D_(%D7%A9%D7%A0%D7%AA%D7%95%D7%9F),גנזי קדם (שנתון) – ויקיפדיה,ok,,,
https://he.wikipedia.org/wiki/%D7%93%D7%9F_%D7%91%D7%90%D7%A8%D7%99,200,https://he.wikipedia.org/wiki/%D7%93%D7%9F_%D7%91%D7%90%D7%A8%D7%99,דן בארי – ויקיפדיה,ok,,,
https://he.wikipedia.org/wiki/%D7%93%D7%A2%D7%AA_(%D7%90%D7%AA%D7%A8_%D7%90%D7%99%D7%A0%D7%98%D7%A8%D7%A0%D7%98),200,https://he.wikipedia.org/wiki/%D7%93%D7%A2%D7%AA_(%D7%90%D7%AA%D7%A8_%D7%90%D7%99%D7%A0%D7%98%D7%A8%D7%A0%D7%98),דעת (אתר אינטרנט) – ויקיפדיה,ok,,,
https://he.wikipedia.org/wiki/%D7%94%D7%90%D7%99%D7%92%D7%95%D7%93_%D7%9C%D7%A4%D7%A8%D7%A9%D7%A0%D7%95%D7%AA_%D7%94%D7%AA%D7%9C%D7%9E%D7%95%D7%93,200,https://he.wikipedia.org/wiki/%D7%94%D7%90%D7%99%D7%92%D7%95%D7%93_%D7%9C%D7%A4%D7%A8%D7%A9%D7%A0%D7%95%D7%AA_%D7%94%D7%AA%D7%9C%D7%9E%D7%95%D7%93,האיגוד לפרשנות התלמוד – ויקיפדיה,ok,,,
https://he.wikipedia.org/wiki/%D7%94%D7%96%D7%9E%D7%A0%D7%94_%D7%9C%D7%A4%D7%99%D7%95%D7%98,200,https://he.wikipedia.org/wiki/%D7%94%D7%96%D7%9E%D7%A0%D7%94_%D7%9C%D7%A4%D7%99%D7%95%D7%98,אתר הפיוט והתפילה – ויקיפדיה,ok,,,
https://he.wikipedia.org/wiki/%D7%94%D7%9E%D7%99%D7%9C%D7%95%D7%9F_%D7%94%D7%94%D7%99%D7%A1%D7%98%D7%95%D7%A8%D7%99_%D7%9C%D7%9C%D7%A9%D7%95%D7%9F_%D7%94%D7%A2%D7%91%D7%A8%D7%99%D7%AA,200,https://he.wikipedia.org/wiki/%D7%94%D7%9E%D7%99%D7%9C%D7%95%D7%9F_%D7%94%D7%94%D7%99%D7%A1%D7%98%D7%95%D7%A8%D7%99_%D7%9C%D7%9C%D7%A9%D7%95%D7%9F_%D7%94%D7%A2%D7%91%D7%A8%D7%99%D7%AA,המילון ההיסטורי ללשון העברית – ויקיפדיה,ok,,,
https://he.wikipedia.org/wiki/%D7%94%D7%9E%D7%9B%D7%95%D7%9F_%D7%9C%D7%AA%D7%A6%D7%9C%D7%95%D7%9E%D7%99_%D7%9B%D7%AA%D7%91%D7%99_%D7%99%D7%93_%D7%A2%D7%91%D7%A8%D7%99%D7%99%D7%9D#%D7%A4%D7%A8%D7%95%D7%99%D7%A7%D7%98_%22%D7%9B%D7%AA%D7%99%D7%91%22,200,https://he.wikipedia.org/wiki/%D7%94%D7%9E%D7%9B%D7%95%D7%9F_%D7%9C%D7%AA%D7%A6%D7%9C%D7%95%D7%9E%D7%99_%D7%9B%D7%AA%D7%91%D7%99_%D7%99%D7%93_%D7%A2%D7%91%D7%A8%D7%99%D7%99%D7%9D#%D7%A4%D7%A8%D7%95%D7%99%D7%A7%D7%98_%22%D7%9B%D7%AA%D7%99%D7%91%22,המכון לתצלומי כתבי יד עבריים – ויקיפדיה,ok,,,
https://he.wikipedia.org/wiki/%D7%94%D7%9E%D7%A2%D7%99%D7%9F_(%D7%9B%D7%AA%D7%91_%D7%A2%D7%AA),200,https://he.wikipedia.org/wiki/%D7%94%D7%9E%D7%A2%D7%99%D7%9F_(%D7%9B%D7%AA%D7%91_%D7%A2%D7%AA),המעין – ויקיפדיה,ok,,,
https://he.wikipedia.org/wiki/%D7%94%D7%A6%D7%95%D7%A4%D7%94_%D7%9E%D7%90%D7%A8%D7%A5_%D7%94%D7%92%D7%A8,200,https://he.wikipedia.org/wiki/%D7%94%D7%A6%D7%95%D7%A4%D7%94_%D7%9E%D7%90%D7%A8%D7%A5_%D7%94%D7%92%D7%A8,הצופה מארץ הגר – ויקיפדיה,ok,,,
https://he.wikipedia.org/wiki/%D7%95%D7%99%D7%A7%D7%99%D7%98%D7%A7%D7%A1%D7%98,200,https://he.wikipedia.org/wiki/%D7%95%D7%99%D7%A7%D7%99%D7%98%D7%A7%D7%A1%D7%98,ויקיטקסט – ויקיפדיה,ok,,,
https://he.wikipedia.org/wiki/%D7%97%D7%A1%D7%99%D7%93%D7%95%D7%AA_%D7%A7%D7%A8%D7%9C%D7%99%D7%9F#%D7%A7%D7%95%D7%91%D7%A5_%D7%91%D7%99%D7%AA_%D7%90%D7%94%D7%A8%D7%9F_%D7%95%D7%99%D7%A9%D7%A8%D7%90%D7%9C,200,https://he.wikipedia.org/wiki/%D7%97%D7%A1%D7%99%D7%93%D7%95%D7%AA_%D7%A7%D7%A8%D7%9C%D7%99%D7%9F#%D7%A7%D7%95%D7%91%D7%A5_%D7%91%D7%99%D7%AA_%D7%90%D7%94%D7%A8%D7%9F_%D7%95%D7%99%D7%A9%D7%A8%D7%90%D7%9C,חסידות קרלין – ויקיפדיה,ok,,,
https://he.wikipedia.org/wiki/%D7%99%D7%A8%D7%95%D7%A9%D7%AA%D7%A0%D7%95,200,https://he.wikipedia.org/wiki/%D7%99%D7%A8%D7%95%D7%A9%D7%AA%D7%A0%D7%95,ירושתנו – ויקיפדיה,ok,,,
https://he.wikipedia.org/wiki/%D7%99%D7%A9%D7%95%D7%A8%D7%95%D7%9F_(%D7%9E%D7%90%D7%A1%D7%A3_%D7%AA%D7%95%D7%A8%D7%A0%D7%99),200,https://he.wikipedia.org/wiki/%D7%99%D7%A9%D7%95%D7%A8%D7%95%D7%9F_(%D7%9E%D7%90%D7%A1%D7%A3_%D7%AA%D7%95%D7%A8%D7%A0%D7%99),ישורון (מאסף תורני) – ויקיפדיה,ok,,,
https://he.wikipedia.org/wiki/%D7%9B%D7%95%D7%AA%D7%A8_(%D7%A1%D7%A4%D7%A8%D7%99%D7%99%D7%94_%D7%93%D7%99%D7%92%D7%99%D7%98%D7%9C%D7%99%D7%AA),200,https://he.wikipedia.org/wiki/%D7%9B%D7%95%D7%AA%D7%A8_(%D7%A1%D7%A4%D7%A8%D7%99%D7%99%D7%94_%D7%93%D7%99%D7%92%D7%99%D7%98%D7%9C%D7%99%D7%AA),כותר (ספרייה דיגיטלית) – ויקיפדיה,ok,,,
https://he.wikipedia.org/wiki/%D7%9E%D7%90%D7%92%D7%A8_%D7%AA%D7%95%D7%A8%D7%A0%D7%99,200,https://he.wikipedia.org/wiki/%D7%9E%D7%90%D7%92%D7%A8_%D7%AA%D7%95%D7%A8%D7%A0%D7%99,מאגר תורני – ויקיפדיה,ok,,,
https://he.wikipedia.org/wiki/%D7%9E%D7%90%D7%92%D7%A8_%D7%AA%D7%95%D7%A8%D7%A0%D7%99#%D7%90%D7%AA%D7%A8_Grimoar,200,https://he.wikipedia.org/wiki/%D7%9E%D7%90%D7%92%D7%A8_%D7%AA%D7%95%D7%A8%D7%A0%D7%99#%D7%90%D7%AA%D7%A8_Grimoar,מאגר תורני – ויקיפדיה,ok,,,
https://he.wikipedia.org/wiki/%D7%9E%D7%A4%D7%A2%D7%9C_%D7%94%D7%91%D7%99%D7%91%D7%9C%D7%99%D7%95%D7%92%D7%A8%D7%A4%D7%99%D7%94_%D7%94%D7%A2%D7%91%D7%A8%D7%99%D7%AA,200,https://he.wikipedia.org/wiki/%D7%9E%D7%A4%D7%A2%D7%9C_%D7%94%D7%91%D7%99%D7%91%D7%9C%D7%99%D7%95%D7%92%D7%A8%D7%A4%D7%99%D7%94_%D7%94%D7%A2%D7%91%D7%A8%D7%99%D7%AA,מפעל הביבליוגרפיה העברית – ויקיפדיה,ok,,,
https://he.wikipedia.org/wiki/%D7%9E%D7%A7%D7%99%D7%A6%D7%99_%D7%A0%D7%A8%D7%93%D7%9E%D7%99%D7%9D,200,https://he.wikipedia.org/wiki/%D7%9E%D7%A7%D7%99%D7%A6%D7%99_%D7%A0%D7%A8%D7%93%D7%9E%D7%99%D7%9D,מקיצי נרדמים – ויקיפדיה,ok,,,
https://he.wikipedia.org/wiki/%D7%9E%D7%A7%D7%A8%D7%90%D7%95%D7%AA_%D7%92%D7%93%D7%95%D7%9C%D7%95%D7%AA_%D7%94%D7%9B%D7%AA%D7%A8,200,https://he.wikipedia.org/wiki/%D7%9E%D7%A7%D7%A8%D7%90%D7%95%D7%AA_%D7%92%D7%93%D7%95%D7%9C%D7%95%D7%AA_%D7%94%D7%9B%D7%AA%D7%A8,מקראות גדולות הכתר – ויקיפדיה,ok,,,
https://he.wikipedia.org/wiki/%D7%A1%D7%92%D7%95%D7%9C%D7%94_(%D7%9E%D7%92%D7%96%D7%99%D7%9F),200,https://he.wikipedia.org/wiki/%D7%A1%D7%92%D7%95%D7%9C%D7%94_(%D7%9E%D7%92%D7%96%D7%99%D7%9F),סגולה (מגזין) – ויקיפדיה,ok,,,
https://he.wikipedia.org/wiki/%D7%A1%D7%A4%D7%A8-%D7%93%D7%AA%D7%90,200,https://he.wikipedia.org/wiki/%D7%A1%D7%A4%D7%A8-%D7%93%D7%AA%D7%90,ספר-דתא – ויקיפדיה,ok,,,
https://he.wikipedia.org/wiki/%D7%A2%D7%9C_%D7%94%D7%AA%D7%95%D7%A8%D7%94,200,https://he.wikipedia.org/wiki/%D7%A2%D7%9C_%D7%94%D7%AA%D7%95%D7%A8%D7%94,על התורה – ויקיפדיה,ok,,,
https://he.wikipedia.org/wiki/%D7%A4%D7%95%D7%A8%D7%98%D7%9C:%D7%99%D7%94%D7%93%D7%95%D7%AA,200,https://he.wikipedia.org/wiki/%D7%A4%D7%95%D7%A8%D7%98%D7%9C:%D7%99%D7%94%D7%93%D7%95%D7%AA,פורטל:יהדות – ויקיפדיה,ok,,,
https://he.wikipedia.org/wiki/%D7%A4%D7%A2%D7%9E%D7%99%D7%9D,200,https://he.wikipedia.org/wiki/%D7%A4%D7%A2%D7%9E%D7%99%D7%9D,פעמים – ויקיפדיה,ok,,,
https://he.wikipedia.org/wiki/%D7%A4%D7%A8%D7%95%D7%99%D7%A7%D7%98_%D7%91%D7%9F-%D7%99%D7%94%D7%95%D7%93%D7%94,200,https://he.wikipedia.org/wiki/%D7%A4%D7%A8%D7%95%D7%99%D7%A7%D7%98_%D7%91%D7%9F-%D7%99%D7%94%D7%95%D7%93%D7%94,פרויקט בן-יהודה – ויקיפדיה,ok,,,
https://he.wikipedia.org/wiki/%D7%A6%D7%A4%D7%95%D7%A0%D7%95%D7%AA,200,https://he.wikipedia.org/wiki/%D7%A6%D7%A4%D7%95%D7%A0%D7%95%D7%AA,צפונות – ויקיפדיה,ok,,,
https://he.wikipedia.org/wiki/%D7%A7%D7%98%D7%92%D7%95%D7%A8%D7%99%D7%94:%D7%99%D7%A9%D7%A8%D7%90%D7%9C:_%D7%9B%D7%AA%D7%91%D7%99_%D7%A2%D7%AA_%D7%AA%D7%95%D7%A8%D7%A0%D7%99%D7%99%D7%9D,200,https://he.wikipedia.org/wiki/%D7%A7%D7%98%D7%92%D7%95%D7%A8%D7%99%D7%94:%D7%99%D7%A9%D7%A8%D7%90%D7%9C:_%D7%9B%D7%AA%D7%91%D7%99_%D7%A2%D7%AA_%D7%AA%D7%95%D7%A8%D7%A0%D7%99%D7%99%D7%9D,קטגוריה:ישראל: כתבי עת תורניים – ויקיפדיה,ok,,,
https://he.wikipedia.org/wiki/%D7%A7%D7%A8%D7%99%D7%AA_%D7%A1%D7%A4%D7%A8_(%D7%9E%D7%A4%D7%A2%D7%9C_%D7%91%D7%99%D7%91%D7%9C%D7%99%D7%95%D7%92%D7%A8%D7%A4%D7%99),200,https://he.wikipedia.org/wiki/%D7%A7%D7%A8%D7%99%D7%AA_%D7%A1%D7%A4%D7%A8_(%D7%9E%D7%A4%D7%A2%D7%9C_%D7%91%D7%99%D7%91%D7%9C%D7%99%D7%95%D7%92%D7%A8%D7%A4%D7%99),קרית ספר (מפעל ביבליוגרפי) – ויקיפדיה,ok,,,
https://he.wikipedia.org/wiki/%D7%A7%D7%AA%D7%93%D7%A8%D7%94_(%D7%9B%D7%AA%D7%91_%D7%A2%D7%AA),200,https://he.wikipedia.org/wiki/%D7%A7%D7%AA%D7%93%D7%A8%D7%94_(%D7%9B%D7%AA%D7%91_%D7%A2%D7%AA),קתדרה (כתב עת) – ויקיפדיה,ok,,,
https://he.wikipedia.org/wiki/%D7%A8%D7%9E%D7%91%22%D7%99,200,https://he.wikipedia.org/wiki/%D7%A8%D7%9E%D7%91%22%D7%99,"רמב""י – ויקיפדיה",ok,,,
https://he.wikipedia.org/wiki/%D7%AA%D7%91%D7%A0%D7%99%D7%AA:%D7%A1%D7%A4%D7%A8%D7%99%D7%95%D7%AA_%D7%93%D7%99%D7%92%D7%99%D7%98%D7%9C%D7%99%D7%95%D7%AA_%D7%91%D7%A0%D7%95%D7%A9%D7%90%D7%99_%D7%99%D7%94%D7%93%D7%95%D7%AA,200,https://he.wikipedia.org/wiki/%D7%AA%D7%91%D7%A0%D7%99%D7%AA:%D7%A1%D7%A4%D7%A8%D7%99%D7%95%D7%AA_%D7%93%D7%99%D7%92%D7%99%D7%98%D7%9C%D7%99%D7%95%D7%AA_%D7%91%D7%A0%D7%95%D7%A9%D7%90%D7%99_%D7%99%D7%94%D7%93%D7%95%D7%AA,תבנית:ספריות דיגיטליות בנושאי יהדות – ויקיפדיה,ok,,,
https://he.wikipedia.org/wiki/HebrewBooks,200,https://he.wikipedia.org/wiki/HebrewBooks,היברובוקס – ויקיפדיה,ok,,,
https://he.wikisource.org/wiki/%D7%A2%D7%9E%D7%95%D7%93_%D7%A8%D7%90%D7%A9%D7%99,200,https://he.wikisource.org/wiki/%D7%A2%D7%9E%D7%95%D7%93_%D7%A8%D7%90%D7%A9%D7%99,ויקיטקסט,ok,,,
https://he.wikisource.org/wiki/%D7%AA%D7%95%D7%9C%D7%93%D7%95%D7%AA_%D7%AA%D7%A0%D7%90%D7%99%D7%9D_%D7%95%D7%90%D7%9E%D7%95%D7%A8%D7%90%D7%99%D7%9D,200,https://he.wikisource.org/wiki/%D7%AA%D7%95%D7%9C%D7%93%D7%95%D7%AA_%D7%AA%D7%A0%D7%90%D7%99%D7%9D_%D7%95%D7%90%D7%9E%D7%95%D7%A8%D7%90%D7%99%D7%9D,תולדות תנאים ואמוראים – ויקיטקסט,ok,,,
https://he.wiktionary.org/wiki/%D7%A2%D7%9E%D7%95%D7%93_%D7%A8%D7%90%D7%A9%D7%99,200,https://he.wiktionary.org/wiki/%D7%A2%D7%9E%D7%95%D7%93_%D7%A8%D7%90%D7%A9%D7%99,ויקימילון,ok,,,
https://hebrew-academy.org.il/,200,https://hebrew-academy.org.il/,האקדמיה ללשון העברית - המוסד העליון ללשון העברית,ok,,,
https://hebrew-academy.org.il/%d7%94%d7%9e%d7%99%d7%9c%d7%95%d7%9f-2/,404,https://hebrew-academy.org.il/%D7%94%D7%9E%D7%99%D7%9C%D7%95%D7%9F-2/,העמוד לא נמצא – האקדמיה ללשון העברית,dead-404,,,
https://hebrew-academy.org.il/topic/maamarim/,200,https://hebrew-academy.org.il/topic/maamarim/,מאמרים - האקדמיה ללשון העברית,ok,,,
https://hebrewbooks.org/,200,https://hebrewbooks.org/,HebrewBooks.org Home Page,ok,,,
https://herzogpress.herzog.ac.il/ktav.asp?id=2,500,https://herzogpress.herzog.ac.il/ktav.asp?id=2,500 - Internal server error.,dead-500,,,
https://huc.edu/libraries/free-online-resources/,200,https://huc.edu/libraries/free-online-resources/,Free Online Resources - Hebrew Union College,ok,,,
https://huc.edu/libraries/free-online-resources/?table=Bible/Early%20Resources,200,https://huc.edu/libraries/free-online-resources/?table=Bible/Early%20Resources,Free Online Resources - Hebrew Union College,ok,,,
https://ilanot.org/,200,https://ilanot.org/,Ilanot Portal start page,ok,,,
https://ingeveb.org/texts-and-translations,200,https://ingeveb.org/texts-and-translations,Texts & Translations | In geveb,ok,,,
https://isf.org.il/layperson-reports/%D7%A4%D7%99%D7%95%D7%98%D7%99%D7%9D-%D7%9C%D7%AA%D7%A4%D7%99%D7%9C%D7%AA-%D7%94%D7%A2%D7%9E%D7%99%D7%93%D7%94-%D7%9E%D7%A4%D7%99-%D7%A4%D7%99%D7%99%D7%98%D7%A0%D7%99-20181218153326.html,200,https://isf.org.il/layperson-reports/%D7%A4%D7%99%D7%95%D7%98%D7%99%D7%9D-%D7%9C%D7%AA%D7%A4%D7%99%D7%9C%D7%AA-%D7%94%D7%A2%D7%9E%D7%99%D7%93%D7%94-%D7%9E%D7%A4%D7%99-%D7%A4%D7%99%D7%99%D7%98%D7%A0%D7%99-20181218153326.html,Israel Science Foundation (ISF),ok,,,
https://ja.genizah.org/,200,https://fjms.genizah.org?lang=eng,Friedberg Jewish Manuscript Society,moved-host,,,
https://ja.genizah.org/JA_Dictionary_pdfjs/JA_Dictionary.html,200,https://ja.genizah.org/JA_Dictionary_pdfjs/JA_Dictionary.html,FGP - ××××× ×¢×¨×××ª-××××××ª,ok,,,
https://jewish-faculty.biu.ac.il/en/JSIJ,200,https://jewish-faculty.biu.ac.il/en/JSIJ,"JSIJ - Jewish Studies, an Internet Journal | Faculty of Jewish Studies",ok,,,
https://jewish-faculty.biu.ac.il/node/669,200,https://jewish-faculty.biu.ac.il/node/669,מסכת | הפקולטה למדעי היהדות,ok,,,
https://jewishoffice.co.il/catalog/,200,https://jewishoffice.co.il/catalog/,,ok,,,
https://jewishreviewofbooks.com/,429,https://jewishreviewofbooks.com/,429 Too Many Requests,blocked,,,
https://jqr.pennpress.org/home/,403,https://www.pennpress.org/journals/journal/jewish-quarterly-review/,Just a moment...,blocked,,,
https://judaism.stackexchange.com/,200,https://judaism.stackexchange.com/,Mi Yodeya,ok,,,
https://kavvanah.blog/,200,https://kavvanah.blog/,The Book of Doctrines and Opinions: | notes on Jewish theology and spirituality,ok,,,
https://kodesh.snunit.k12.il/i/tr/t0101.htm,200,https://kodesh.snunit.k12.il/i/tr/t0101.htm,××¨××©××ª × - ××××¨ ×¡×¤×¨××ª ××§×××©,ok,,,
https://kotar.cet.ac.il/,200,https://kotar.cet.ac.il/,הספרייה המקוונת של ישראל,ok,,,
https://kotar.cet.ac.il/KotarApp/Search.aspx?sSearchText=%D7%9E%D7%A9%D7%A0%D7%AA%20%D7%90%D7%A8%D7%A5%20%D7%99%D7%A9%D7%A8%D7%90%D7%9C&lang=#0,200,https://kotar.cet.ac.il/KotarApp/Search.aspx?sSearchText=%D7%9E%D7%A9%D7%A0%D7%AA%20%D7%90%D7%A8%D7%A5%20%D7%99%D7%A9%D7%A8%D7%90%D7%9C&lang=#0,תוצאות חיפוש,ok,,,
https://kotar.cet.ac.il/KotarApp/Viewer.aspx?nBookID=102847481,200,https://kotar.cet.ac.il/KotarApp/Viewer.aspx?nBookID=102847481,קראו בכותר - שאלת קיומה של מיסטיקה יהודית : הגנאלוגיה של המיסטיקה היהודית והתיאולוגיות של חקר הקבלה,ok,,,
https://kotar.cet.ac.il/kotarapp/index/Book.aspx?nBookID=104820662,200,https://kotar.cet.ac.il/kotarapp/index/Book.aspx?nBookID=104820662,"ספרות חז""ל הארץ־ישראלית - ספרות חז""ל הארץ־ישראלית : כרך ראשון - מבואות לחיבורי ספרות חז""ל",ok,,,
https://kotar.cet.ac.il/kotarapp/index/Book.aspx?nBookID=105755469,200,https://kotar.cet.ac.il/kotarapp/index/Book.aspx?nBookID=105755469,מבוא למדרשים,ok,,,
https://kotar.cet.ac.il/kotarapp/index/Book.aspx?nBookID=108308905,200,https://kotar.cet.ac.il/kotarapp/index/Book.aspx?nBookID=108308905,"רבנו תם : פרשנות, הלכה, פולמוס",ok,,,
https://kotar.cet.ac.il/kotarapp/index/Book.aspx?nBookID=108702657,200,https://kotar.cet.ac.il/kotarapp/index/Book.aspx?nBookID=108702657,הגניזה מקהיר: תולדות אוסף הגניזה באוניברסיטת קמברידג',ok,,,
https://kotar.cet.ac.il/kotarapp/index/Book.aspx?nBookID=109043536,200,https://kotar.cet.ac.il/kotarapp/index/Book.aspx?nBookID=109043536,רש״י והפולמוס היהודי־הנוצרי,ok,,,
https://law.tau.ac.il/dine_israel/published,200,https://law.tau.ac.il/dine_israel/published,כרכים מלאים | דיני ישראל | אוניברסיטת תל אביב,ok,,,
https://leshoniada.co.il/,200,https://leshoniada.co.il/,לשוניאדה - עברית. לשון. שפה,ok,,,
https://lib.biu.ac.il/en/Ebooks%20%20Full%20,200,"https://validate.perfdrive.com/?ssa=da668b6b-d95f-4971-973a-e2d5aab26f54&ssb=12482247508&ssc=https%3A%2F%2Flib.biu.ac.il%2Fen%2FEbooks%2520%2520Full%2520&ssi=6eda4fa3-dzai-438b-a248-36f143ba33bb&ssk=botmanager_support@radware.com&ssm=22907758309327803108441832946892&ssn=c0715241057fa7275d333e5f8bcf629f8a79c0f86506-45f0-42c7-b0f504&sso=192c8212-81cd4c71324684404538da9e73ba2391a6b12776a764adec&ssp=08312966531791585506179156243487597&ssq=48564615121710251469051217097937556486491&ssr=NS4yOS4xMi4xOTQ=&sst=Mozilla/5.0%20(Windows%20NT%2010.0;%20Win64;%20x64)%20AppleWebKit/537.36%20(KHTML,%20like%20Gecko)%20Chrome/130.0%20Safari/537.36&ssu=&ssv=&ssw=&ssx=eyJfX3V6bWYiOiI3ZjkwMDBjMGY4NjUwNi00NWYwLTQyYzctYjIxMi04MWNkNGM3MTMyNDYxLTE3OTE1NTEyMTc5MzUwLTAwMTY3MGU3ZGYwMjNjZDIyNDkxMCIsInJkIjoiYml1LmFjLmlsIiwidXpteCI6IjdmYzAwMDI5MWExNGQyLWFmNTUtNDZkZS05ZjUxLTY0NDYwYjFmNDRjMDEtMTc5MTU1MTIxNzkzNTAtMDA4M2EzZGM2YTgzNzA5NDdjNDEwIn0=",Radware Captcha Page,blocked,,,
https://lib.biu.ac.il/en/db-subject/198,200,"https://validate.perfdrive.com/?ssa=fecc1b78-484a-4413-b38f-c108af042840&ssb=54835242038&ssc=https%3A%2F%2Flib.biu.ac.il%2Fen%2Fdb-subject%2F198&ssi=6fb166a8-dzai-4b15-99b9-e0ba929c8387&ssk=botmanager_support@radware.com&ssm=25170859936446899100257108273745&ssn=e242e90462443ce062e9dc414071567711f5485f63ae-2c79-426a-be10f3&sso=497a8802-fc21900f1ce6a7baa160eef587230a9f970fe3d2f3683425&ssp=73435748671791511491179158942638746&ssq=04721785121826029342651218197407453282425&ssr=NS4yOS4xMi4xOTQ=&sst=Mozilla/5.0%20(Windows%20NT%2010.0;%20Win64;%20x64)%20AppleWebKit/537.36%20(KHTML,%20like%20Gecko)%20Chrome/130.0%20Safari/537.36&ssu=&ssv=&ssw=&ssx=eyJfX3V6bWYiOiI3ZjkwMDA0ODVmNjNhZS0yYzc5LTQyNmEtYjgwMi1mYzIxOTAwZjFjZTYxLTE3OTE1NTEyMTgwNDIwLTAwMTI5YjE1NTcwMjhkNWVmNTUxMCIsInV6bXgiOiI3ZmMwMDBmYjBjOTM1My04NGM3LTRjN2QtYTBlMi1iYjY5YWExNTg2YWExLTE3OTE1NTEyMTgwNDIwLTAwOGEzOWRlMWQ5YmQxOTY1MGExMCIsInJkIjoiYml1LmFjLmlsIn0=",Radware Captcha Page,blocked,,,
https://lib.biu.ac.il/en/db-subject/217,200,"https://validate.perfdrive.com/?ssa=b0838d56-2a97-4a4a-bf6e-511345fa5319&ssb=54835242038&ssc=https%3A%2F%2Flib.biu.ac.il%2Fen%2Fdb-subject%2F217&ssi=2557cbee-dzai-41b0-a1be-b074e8689103&ssk=botmanager_support@radware.com&ssm=25170859936446899100257108273745&ssn=e242e904e1a2ef59f378206b5893567711f58a13cb1a-7ea5-493f-be10f3&sso=497a8c5d-47004f174d0fa7baa16000777bfe3e5d434e9014f3683425&ssp=73435748671791511491179158942638746&ssq=04721785121826029342651218197407453282425&ssr=NS4yOS4xMi4xOTQ=&sst=Mozilla/5.0%20(Windows%20NT%2010.0;%20Win64;%20x64)%20AppleWebKit/537.36%20(KHTML,%20like%20Gecko)%20Chrome/130.0%20Safari/537.36&ssu=&ssv=&ssw=&ssx=eyJfX3V6bWYiOiI3ZjkwMDA4YTEzY2IxYS03ZWE1LTQ5M2YtYmM1ZC00NzAwNGYxNzRkMGYxLTE3OTE1NTEyMTgwNDIwLTAwMTMyZmY4NjZlZThiNmI0ZjUxMCIsInV6bXgiOiI3ZmMwMDBiNjk5ODA1My0yOWE1LTQxMjYtYmY1Ny1mNTliZTRmODgyNWExLTE3OTE1NTEyMTgwNDIwLTAwOGVhNDRlZDljYTUwMGM0MzgxMCIsInJkIjoiYml1LmFjLmlsIn0=",Radware Captcha Page,blocked,,,
https://lib.biu.ac.il/en/node/1702,200,"https://validate.perfdrive.com/?ssa=bb8e9b0b-a1d2-4ee1-8cfa-76e5e713c87c&ssb=54835242038&ssc=https%3A%2F%2Flib.biu.ac.il%2Fen%2Fnode%2F1702&ssi=f46cc131-dzai-4c4f-8117-60089fe36686&ssk=botmanager_support@radware.com&ssm=25170859936446899100257108273745&ssn=e242e904d85c71c32e3c5e7f752c567711f5b18fcd4f-8bbf-4673-ae10f3&sso=497a825f-8e34901e0275a7baa16054a2c0e8164f6b98b20ef3683425&ssp=73435748671791511491179158942638746&ssq=04721785121826029342651218197407453282425&ssr=NS4yOS4xMi4xOTQ=&sst=Mozilla/5.0%20(Windows%20NT%2010.0;%20Win64;%20x64)%20AppleWebKit/537.36%20(KHTML,%20like%20Gecko)%20Chrome/130.0%20Safari/537.36&ssu=&ssv=&ssw=&ssx=eyJyZCI6ImJpdS5hYy5pbCIsIl9fdXptZiI6IjdmOTAwMGIxOGZjZDRmLThiYmYtNDY3My1hMjVmLThlMzQ5MDFlMDI3NTEtMTc5MTU1MTIxODEzMTAtMDAxYjRhNmRhMjAxYTMzZTg3NjEwIiwidXpteCI6IjdmYzAwMDI4MTRmNGE3LWRhMTYtNGI4OC04NmU3LWFmYzNhOTdiZTNhZjEtMTc5MTU1MTIxODEzMTAtMDA4MzZjMjNmMTM1NDg4ZGM4MzEwIn0=",Radware Captcha Page,blocked,,,
https://lib.biu.ac.il/en/node/264,200,"https://validate.perfdrive.com/?ssa=6fc32829-5472-404d-8457-6f77a11475e4&ssb=54835242038&ssc=https%3A%2F%2Flib.biu.ac.il%2Fen%2Fnode%2F264&ssi=28d2483e-dzai-49e7-b02e-2854729bcf9e&ssk=botmanager_support@radware.com&ssm=25170859936446899100257108273745&ssn=e242e9042b2aff417a6ee67efa5c567711f572d5892a-a821-49eb-be10f3&sso=497a85b5-4f2f630084b0a7baa1601b96aa145098a0e212b7f3683425&ssp=73435748671791511491179158942638746&ssq=04721785121826029342651218197407453282425&ssr=NS4yOS4xMi4xOTQ=&sst=Mozilla/5.0%20(Windows%20NT%2010.0;%20Win64;%20x64)%20AppleWebKit/537.36%20(KHTML,%20like%20Gecko)%20Chrome/130.0%20Safari/537.36&ssu=&ssv=&ssw=&ssx=eyJyZCI6ImJpdS5hYy5pbCIsIl9fdXptZiI6IjdmOTAwMDcyZDU4OTJhLWE4MjEtNDllYi1iNWI1LTRmMmY2MzAwODRiMDEtMTc5MTU1MTIxODEzOTAtMDAxNTU2MDU2MjVjNjc1MWYxODEwIiwidXpteCI6IjdmYzAwMDQ4ODViNThhLTJhMzctNDkzOS05NWI3LTc5YWU5NjYwZjAxYTEtMTc5MTU1MTIxODEzOTAtMDA4ODFlMzYyMGFiYzcxOGFjNjEwIn0=",Radware Captcha Page,blocked,,,
https://lib.cet.ac.il/pages/,200,https://inactivesite.cet.ac.il/,×××,moved-host,,,
https://lib.cet.ac.il/pages/about.asp,200,https://inactivesite.cet.ac.il/,×××,moved-host,,,
https://lib.cet.ac.il/pages/sub.asp?source=139,200,https://inactivesite.cet.ac.il/,×××,moved-host,,,
https://lib.pshita.cet.ac.il/pages/frontpage.asp,404,https://lib.pshita.cet.ac.il/pages/frontpage.asp,Not Found,dead-404,,,
https://libguides.cjh.org/az.php,200,https://libguides.cjh.org/az.php,A-Z Databases,ok,,,
https://libguides.northwestern.edu/c.php?g=114862&p=749233,200,https://libguides.northwestern.edu/c.php?g=114862&p=749233,Recommended Websites - *Jewish Studies - Research Guides at Northwestern University,ok,,,
https://libraries.ou.edu/content/understanding-academiaedu-and-researchgate,404,https://libraries.ou.edu/impact-challenge-chapter/understanding-academiaedu-and-researchgate,Page not found | OU Libraries,dead-404,,,
https://library.alhatorah.org/,200,https://library.alhatorah.org/,Library – AlHaTorah.org,ok,,,
https://library.alhatorah.org/?r1=Mishna_MS_Kaufmann_Berakhot_1,200,https://library.alhatorah.org/?r1=Mishna_MS_Kaufmann_Berakhot_1,Library – AlHaTorah.org,ok,,,
https://library.alhatorah.org/?r1=Mishnat_Eretz_Yisrael_Berakhot_Introduction,200,https://library.alhatorah.org/?r1=Mishnat_Eretz_Yisrael_Berakhot_Introduction,Library – AlHaTorah.org,ok,,,
https://library.alhatorah.org/?r1=Steinsaltz_Commentary_Berakhot_2a,200,https://library.alhatorah.org/?r1=Steinsaltz_Commentary_Berakhot_2a,Library – AlHaTorah.org,ok,,,
https://library.alhatorah.org/?r1=Targum_Yerushalmi_(Neofiti)_Bereshit_1:1,200,https://library.alhatorah.org/?r1=Targum_Yerushalmi_(Neofiti)_Bereshit_1:1,Library – AlHaTorah.org,ok,,,
https://library.alhatorah.org/Editions#English,200,https://library.alhatorah.org/Editions#English,Library – AlHaTorah.org,ok,,,
https://library.brown.edu/iip/about/why_inscription/,403,https://www.inscriptionsisraelpalestine.org/about/why_inscription//,Visitor anti-robot validation,blocked,,,
https://library.brown.edu/iip/index/,403,https://www.inscriptionsisraelpalestine.org/,Visitor anti-robot validation,blocked,,,
https://liebes.huji.ac.il/,200,https://liebes.huji.ac.il/,"יהודה ליבס, פרופסור אמריטוס בקתדרת גרשם שלום, החוג למחשבת ישראל",ok,,,
https://maagarim.hebrew-academy.org.il/Pages/PMain.aspx,200,https://maagarim.hebrew-academy.org.il/Pages/PMain.aspx,מפעל המילון ההיסטורי,ok,,,
https://manuscripts.genizah.org/,200,https://fjms.genizah.org,Friedberg Jewish Manuscript Society,moved-host,,,
https://mechon-mamre.org/,200,https://mechon-mamre.org/,Bible and Mishneh Torah for All - Jews and Gentiles / Mechon Mamre,ok,,,
"https://merhav.nli.org.il/primo-explore/search?query=any,contains,NNL&sortby=rank&vid=NLI&lang=en_US",403,"https://merhav.nli.org.il/primo-explore/search?query=any,contains,NNL&sortby=rank&vid=NLI&lang=en_US",Checking your browser...,blocked,,,
https://merhav.nli.org.il/primo-explore/search?vid=NLI&lang=iw_IL,403,https://merhav.nli.org.il/primo-explore/search?vid=NLI&lang=iw_IL,Checking your browser...,blocked,,,
https://mg.alhatorah.org,200,https://mg.alhatorah.org/,MikraotGedolot – AlHaTorah.org,ok,,,
https://mg.alhatorah.org/Editions,200,https://mg.alhatorah.org/Editions,MikraotGedolot – AlHaTorah.org,ok,,,
https://mishpacha.com/one-for-the-books-3/,200,https://mishpacha.com/one-for-the-books-3/,One for the Books – Mishpacha,ok,,,
https://mobile.twitter.com/Footprints_Heb,200,https://x.com/Footprints_Heb,Footprints Project (@Footprints_Heb) / X,moved-host,,,
https://mobile.twitter.com/dayenupal,200,https://x.com/dayenupal,DayenuPal (@dayenupal) / X,moved-host,,,
https://mobile.twitter.com/hashtag/dhjewish?src=hashtag_click,200,https://x.com/i/jf/onboarding/web?redirect_after_login=%2Fhashtag%2Fdhjewish%3Fsrc%3Dhashtag_click&mode=login,X - The Everything App / X,moved-host,,,
https://mobile.twitter.com/hchesner,200,https://x.com/hchesner,Michelle Margolis (@hchesner) / X,moved-host,,,
https://mosaicmagazine.com/author/philologos/,200,https://ideas.tikvah.org/mosaic/authors/philologos?welcome=mosaic,Philologos | Tikvah Ideas,moved-host,,,
https://nachumsite.genizah.org/,200,https://nachumsite.genizah.org/,Friedberg Genizah Project,ok,,,
https://nakdan.dicta.org.il/,200,https://nakdan.dicta.org.il/,הנקדן המהיר,ok,,,
https://netanya.academia.edu/MoshePinchuk,403,https://netanya.academia.edu/MoshePinchuk,Just a moment...,blocked,,,
"https://nli.userservices.exlibrisgroup.com/view/uresolver/972NNL_INST/openurl?Force_direct=false&ctx_enc=info:ofi/enc:UTF-8&ctx_id=10_1&ctx_tim=2022-01-06T17%3A01%3A41IST&ctx_ver=Z39.88-2004&url_ctx_fmt=info:ofi/fmt:kev:mtx:ctx&url_ver=Z39.88-2004&rfr_id=info:sid/primo.exlibrisgroup.com-NNL_ALEPH&req_id=&rft_dat=ie=972NNL_INST/51440491650005171,ie=972NNL_INST:51440491650005171,language=heb,view=NLI&svc_dat=viewit&u.ignore_date_coverage=true&Force_direct=true&is_new_ui=true",200,"https://nli.userservices.exlibrisgroup.com/view/uresolver/972NNL_INST/openurl?Force_direct=false&ctx_enc=info:ofi/enc:UTF-8&ctx_id=10_1&ctx_tim=2022-01-06T17%3A01%3A41IST&ctx_ver=Z39.88-2004&url_ctx_fmt=info:ofi/fmt:kev:mtx:ctx&url_ver=Z39.88-2004&rfr_id=info:sid/primo.exlibrisgroup.com-NNL_ALEPH&req_id=&rft_dat=ie=972NNL_INST/51440491650005171,ie=972NNL_INST:51440491650005171,language=heb,view=NLI&svc_dat=viewit&u.ignore_date_coverage=true&Force_direct=true&is_new_ui=true",בית,ok,,,
https://onegshabbat.blogspot.com/,200,https://onegshabbat.blogspot.com/,"עונג שבת (עונ""ש)",ok,,,
https://openlibrary.org/search/subjects?q=jewish+&mode=everything,200,https://openlibrary.org/search/subjects?q=jewish+&mode=everything,search/subjects | Open Library,ok,,,
https://opensiddur.org/,403,https://opensiddur.org/,Just a moment...,blocked,,,
https://opensiddur.org/compilations/liturgical/siddurim/kol-bo/maimonides-seder-tefillot/,403,https://opensiddur.org/compilations/liturgical/siddurim/kol-bo/maimonides-seder-tefillot/,Just a moment...,blocked,,,
https://orot.ac.il/%D7%90%D7%95%D7%A8%D7%A9%D7%AA,200,https://orot.ac.il/%D7%90%D7%95%D7%A8%D7%A9%D7%AA,אורשת | מכללת אורות ישראל,ok,,,
https://orot.ac.il/%D7%98%D7%9C%D7%9C%D7%99-%D7%90%D7%95%D7%A8%D7%95%D7%AA,200,https://orot.ac.il/%D7%98%D7%9C%D7%9C%D7%99-%D7%90%D7%95%D7%A8%D7%95%D7%AA,טללי אורות | מכללת אורות ישראל,ok,,,
https://pastebin.com/ztKwQJSU,200,https://pastebin.com/ztKwQJSU,Zohar Dictionary by Daniel Matt - Pastebin.com,ok,,,
https://peace.sites.uu.nl/about/peace/,200,https://peace.sites.uu.nl/about/peace/,Checking your browser. This may take a few seconds…,ok,,,
https://peace.sites.uu.nl/epigraphy/search/,200,https://peace.sites.uu.nl/epigraphy/search/,Checking your browser. This may take a few seconds…,ok,,,
https://play.google.com/store/apps/details?id=com.Rollep.MishneTora&hl=en&gl=US,200,https://play.google.com/store/apps/details?id=com.Rollep.MishneTora&hl=en&gl=US,,ok,,,
https://play.google.com/store/apps/details?id=org.sefaria.sefaria&hl=en&gl=US,200,https://play.google.com/store/apps/details?id=org.sefaria.sefaria&hl=en&gl=US,,ok,,,
https://podcasts.apple.com/us/podcast/good-faith-effort/id1536163226,200,https://podcasts.apple.com/us/podcast/good-faith-effort/id1536163226,Good Faith Effort - Podcast - Apple Podcasts,ok,,,
https://podcasts.apple.com/us/podcast/misfit-torah/id1399327341,200,https://podcasts.apple.com/us/podcast/misfit-torah/id1399327341,Misfit Torah - Podcast - Apple Podcasts,ok,,,
https://publicdomainreview.org/collections/source/british-library,200,https://publicdomainreview.org/collections/source/british-library,,ok,,,
https://rambam.genizah.org/,200,https://fjms.genizah.org,Friedberg Jewish Manuscript Society,moved-host,,,
https://ramhal.net/%d7%a1%d7%a4%d7%a8%d7%99-%d7%95%d7%9e%d7%90%d7%9e%d7%a8%d7%99-%d7%94%d7%a8%d7%9e%d7%97%d7%9c/,200,https://ramhal.net/%D7%A1%D7%A4%D7%A8%D7%99-%D7%95%D7%9E%D7%90%D7%9E%D7%A8%D7%99-%D7%94%D7%A8%D7%9E%D7%97%D7%9C/,"רמח""ל ספרים ומאמרים | הרמחל",redirect,,,
https://rashi.alhatorah.org/,200,https://rashi.alhatorah.org/,Rashi – AlHaTorah.org,ok,,,
https://readcoop.eu/model/hebrew-script-languages/,200,https://www.transkribus.org/models/hebrew-script-languages,"DiJeSt 2.0 | Hebrew, Judeo-Arabic Text Recognition Model | Transkribus",moved-host,,,
https://removenikud.dicta.org.il/,200,https://removenikud.dicta.org.il/,הסרת ניקוד,ok,,,
https://safranim.com/,200,https://safranim.com/,Safranim's Blog | איגוד ספרני יהדות,ok,,,
https://safranim.com/2010/12/01/%D7%90%D7%A8%D7%95%D7%9F-%D7%94%D7%A1%D7%A4%D7%A8%D7%99%D7%9D-%D7%94%D7%99%D7%94%D7%95%D7%93%D7%99-%D7%94%D7%9E%D7%9E%D7%95%D7%97%D7%A9%D7%91-%D7%9E%D7%90%D7%92%D7%A8%D7%99-%D7%9E%D7%99%D7%93%D7%A2/,200,https://safranim.com/2010/12/01/%D7%90%D7%A8%D7%95%D7%9F-%D7%94%D7%A1%D7%A4%D7%A8%D7%99%D7%9D-%D7%94%D7%99%D7%94%D7%95%D7%93%D7%99-%D7%94%D7%9E%D7%9E%D7%95%D7%97%D7%A9%D7%91-%D7%9E%D7%90%D7%92%D7%A8%D7%99-%D7%9E%D7%99%D7%93%D7%A2/,ארון הספרים היהודי המקוון – מאגרי מידע ואתרי ספרים סרוקים | Safranim's Blog,ok,,,
https://schechter.ac.il/research-center/midrash/,200,https://schechter.ac.il/research-center/midrash/,מפעל המדרש - מכון שכטר למדעי היהדות,ok,,,
https://scholar.google.com/,200,https://scholar.google.com/,Google Scholar,ok,,,
https://scribalerror.substack.com/,200,https://scribalerror.substack.com/,Scribal Error | Joshua Waxman | Substack,ok,,,
https://search.dicta.org.il/,200,https://search.dicta.org.il/,"חיפוש בתנ""ך",ok,,,
https://seforimblog.com/,200,https://seforimblog.com/,"The Seforim Blog – All about Seforim – New and Old, and Jewish Bibliography",ok,,,
https://seforimblog.com/2022/01/daf-yomi-seforim-on-moed-katan-part-one/,200,https://seforimblog.com/2022/01/daf-yomi-seforim-on-moed-katan-part-one/,"Daf Yomi: Seforim on Moed Katan, Part one – The Seforim Blog",ok,,,
https://seforimblog.com/2022/03/guide-and-review-of-online-resources-2022-part-i/,200,https://seforimblog.com/2022/03/guide-and-review-of-online-resources-2022-part-i/,Guide and Review of Online Resources – 2022 – Part I – The Seforim Blog,ok,,,
https://seforimblog.com/2022/05/guide-and-review-of-online-resources-2022-part-ii/,200,https://seforimblog.com/2022/05/guide-and-review-of-online-resources-2022-part-ii/,Guide and Review of Online Resources – 2022 – Part II – The Seforim Blog,ok,,,
https://seforimblog.com/2022/07/guide-and-review-of-online-resources-2022-part-iii/,200,https://seforimblog.com/2022/07/guide-and-review-of-online-resources-2022-part-iii/,Guide and Review of Online Resources – 2022 – Part III – The Seforim Blog,ok,,,
https://seforimblog.com/2023/06/from-print-to-pixel-digital-editions-of-the-talmud-bavli/,200,https://seforimblog.com/2023/06/from-print-to-pixel-digital-editions-of-the-talmud-bavli/,From Print to Pixel: Digital Editions of the Talmud Bavli – The Seforim Blog,ok,,,
https://seforimchatter.buzzsprout.com/1218638/4566857-with-prof-marc-shapiro-discussing-his-books-rav-mazuz-rabbi-dr-yitzchak-isadore-twersky-and-more,200,https://seforimchatter.buzzsprout.com/1218638/episodes/4566857-with-prof-marc-shapiro-discussing-his-books-rav-mazuz-rabbi-dr-yitzchak-isadore-twersky-and-more,"With Prof. Marc Shapiro discussing his books, Rav Mazuz, Rabbi Dr. Yitzchak (Isadore) Twersky and more",redirect,,,
https://seforimchatter.buzzsprout.com/1218638/4566965-with-rabbi-dr-jacob-j-schacter-discussing-rav-yaakov-emden-the-yaavetz,200,https://seforimchatter.buzzsprout.com/1218638/episodes/4566965-with-rabbi-dr-jacob-j-schacter-discussing-rav-yaakov-emden-the-yaavetz,With Rabbi Dr. Jacob J. Schacter discussing Rav Yaakov Emden (the Yaavetz),redirect,,,
https://seforimchatter.buzzsprout.com/1218638/4587641-introduction-show,200,https://seforimchatter.buzzsprout.com/1218638/episodes/4587641-introduction-show,Introduction Show,redirect,,,
https://segment.dicta.org.il/,200,https://segment.dicta.org.il/,Stylistic Segmentation,ok,,,
https://segulamag.com/,200,https://segulamag.com/,בית - סגולה,ok,,,
https://sfardata.nli.org.il/,403,https://sfardata.nli.org.il/,Checking your browser...,blocked,,,
https://sofermahir.hypotheses.org/59,200,https://sofermahir.hypotheses.org/59,,ok,,,
https://synoptic.dicta.org.il/,200,https://synoptic.dicta.org.il/,Synopsis Builder,ok,,,
https://t.me/s/NLITorani,200,https://t.me/NLITorani,Telegram: Contact @NLITorani,redirect,,,
https://talmud.biu.ac.il/sites/talmud/files/shared/%D7%AA%D7%9C%D7%9E%D7%95%D7%93%20%D7%A1%D7%99%D7%9C%D7%91%D7%95%D7%A1%D7%99%D7%9D%20%D7%AA%D7%A9%D7%A4%D7%91/%D7%90%D7%A8%D7%A0%D7%9309101%D7%94%D7%93%D7%A8%D7%9B%D7%94.pdf,200,https://talmud.biu.ac.il/sites/talmud/files/shared/%D7%AA%D7%9C%D7%9E%D7%95%D7%93%20%D7%A1%D7%99%D7%9C%D7%91%D7%95%D7%A1%D7%99%D7%9D%20%D7%AA%D7%A9%D7%A4%D7%91/%D7%90%D7%A8%D7%A0%D7%9309101%D7%94%D7%93%D7%A8%D7%9B%D7%94.pdf,,ok,,,
https://talmudsearch.dicta.org.il/,200,https://talmudsearch.dicta.org.il/,חיפוש בתלמוד - חינמי מבית דיקטה,ok,,,
https://tashma.jewishoffice.co.il/,200,https://tashma.co.il/,תא שמע - מאגר ספרים תורני ובית מדרש דיגיטלי,moved-host,,,
https://thegemara.com/,200,https://thegemara.com/,TheGemara.com,ok,,,
https://thegemara.com/about,200,https://thegemara.com/about/,TheGemara.com,ok,,,
https://thelehrhaus.com/,200,https://thelehrhaus.com/,The Lehrhaus,ok,,,
https://thelehrhaus.com/commentary/torah-study-and-the-digital-revolution-a-glimpse-of-the-future/,200,https://thelehrhaus.com/commentary/torah-study-and-the-digital-revolution-a-glimpse-of-the-future/,Torah Study and the Digital Revolution: A Glimpse of the Future | The Lehrhaus,ok,,,
https://thelehrhaus.com/talmud-and-halakhah/,200,https://thelehrhaus.com/talmud-and-halakhah/,Talmud and Halakhah | The Lehrhaus,ok,,,
https://thepeoplestalmud.com/#!,200,https://thepeoplestalmud.com/#!,The People's Talmud,ok,,,
https://thetalmud.blog/,200,https://thetalmud.blog/,"The Talmud Blog – Talmudic News, Reviews, Culture, Currents and Criticism",ok,,,
https://thetalmud.blog/2016/06/19/we-read-thus-on-hachi-garsinan-and-learning-talmud-in-the-21st-century/,200,https://thetalmud.blog/2016/06/19/we-read-thus-on-hachi-garsinan-and-learning-talmud-in-the-21st-century/,“We Read Thus”: On Hachi Garsinan and Learning Talmud in the 21st century – The Talmud Blog,ok,,,
https://thetalmud.blog/toolbox/search-engines-and-other-web-resources/,200,https://thetalmud.blog/toolbox/search-engines-and-other-web-resources/,Search Engines and Other Web-Resources – The Talmud Blog,ok,,,
https://thetalmud.blog/toolbox/textual-witnesses-pictures-transcriptions-descriptions-and-synopsi/,200,https://thetalmud.blog/toolbox/textual-witnesses-pictures-transcriptions-descriptions-and-synopsi/,Textual Witnesses – The Talmud Blog,ok,,,
https://tiresias.haifa.ac.il/?subj=burial,500,https://tiresias.haifa.ac.il/?subj=burial,500 Internal Server Error,dead-500,,,
https://tiresias.haifa.ac.il/?subj=ezezez:1778,500,https://tiresias.haifa.ac.il/?subj=ezezez:1778,500 Internal Server Error,dead-500,,,
https://tiresias.haifa.ac.il/?subj=synagogue,500,https://tiresias.haifa.ac.il/?subj=synagogue,500 Internal Server Error,dead-500,,,
https://tiresias.haifa.ac.il/texts,500,https://tiresias.haifa.ac.il/texts,500 Internal Server Error,dead-500,,,
https://traditiononline.org/archives/,200,https://traditiononline.org/archives/,Complete Archives | Tradition Online,ok,,,
https://traditiononline.org/traditionpodcast/,200,https://traditiononline.org/traditionpodcast/,Podcast | Tradition Online,ok,,,
https://twitter.com/SeforimChatter,200,https://x.com/SeforimChatter,SeforimChatter (@SeforimChatter) / X,moved-host,,,
https://twitter.com/genizalab,200,https://x.com/genizalab,Princeton Geniza Lab (@GenizaLab) / X,moved-host,,,
https://twitter.com/mrustow,200,https://x.com/mrustow,Marina Rustow (@mrustow) / X,moved-host,,,
https://twitter.com/nlisrael,200,https://x.com/nlisrael,National Library of Israel (@NLIsrael) / X,moved-host,,,
https://twitter.com/nlitorani,404,https://x.com/nlitorani,User Profile Not Found - X | 404 Error,dead-404,,,
https://ucsb.academia.edu/ElliotWolfson,403,https://ucsb.academia.edu/ElliotWolfson,Just a moment...,blocked,,,
https://web.archive.org/web/20050209182706/http://www.virtualgeula.com/archival/eng/cat-ti-e.htm#BB,200,https://web.archive.org/web/20050209182706/http://www.virtualgeula.com/archival/eng/cat-ti-e.htm#BB,Judaica Archival Project - Catalog 7/99Judaica Archival Project - t-z,ok,,,
https://web.archive.org/web/20070311031116/http://www.digento.de/zusatz/101413_01,200,https://web.archive.org/web/20070311031116/http://www.digento.de/zusatz/101413_01,Global Jewish Database - Responsa Project - Books in the CD,ok,,,
https://web.nli.org.il/sites/NLI/Hebrew/digitallibrary/moreshet_bareshet/Pages/default.aspx,410,https://web.nli.org.il/sites/NLI/Hebrew/digitallibrary/moreshet_bareshet/Pages/default.aspx,410 Gone,dead-410,,,
https://web.nli.org.il/sites/NLI/Hebrew/library/services/interlibrary%20loan/Pages/photos_loan.aspx,410,https://web.nli.org.il/sites/NLI/Hebrew/library/services/interlibrary%20loan/Pages/photos_loan.aspx,410 Gone,dead-410,,,
https://web.nli.org.il/sites/nli/hebrew/collections/jewish-collection/talmud/pages/default.aspx,410,https://web.nli.org.il/sites/nli/hebrew/collections/jewish-collection/talmud/pages/default.aspx,410 Gone,dead-410,,,
https://web.nli.org.il/sites/nlis/en/manuscript,410,https://web.nli.org.il/sites/nlis/en/manuscript,410 Gone,dead-410,,,
https://whitmanarchive.org/about/articles/anc.00267.html,403,https://whitmanarchive.org/about/articles/anc.00267.html,Just a moment...,blocked,,,
https://wordplay.dicta.org.il/,200,https://wordplay.dicta.org.il/,חרוזית - חינמי מבית דיקטה,ok,,,
https://www.929.org.il/p/home,200,https://www.929.org.il/p/home,Home | 929 – תנך ביחד,ok,,,
https://www.929.org.il/page/528/post/12882,200,https://www.929.org.il/page/528/post/12882,929 – תנך ביחד | עובדיה א | מושג ישראלי: מה עומד על הפרק?,ok,,,
https://www.academia.edu/,403,https://www.academia.edu/,Just a moment...,blocked,,,
https://www.academia.edu/103620375/Presentation_slides_A_Selective_Overview_of_Digital_Resources_for_the_Scholarly_Study_of_Rabbinic_Texts,403,https://www.academia.edu/103620375/Presentation_slides_A_Selective_Overview_of_Digital_Resources_for_the_Scholarly_Study_of_Rabbinic_Texts,Just a moment...,blocked,,,
https://www.academia.edu/106385574/Words_of_Wisdom_Word_Counts_of_Classical_Jewish_Works,403,https://www.academia.edu/106385574/Words_of_Wisdom_Word_Counts_of_Classical_Jewish_Works,Just a moment...,blocked,,,
https://www.academia.edu/11120558/%D7%9E%D7%97%D7%91%D7%A8%D7%95%D7%AA_%D7%9E%D7%A0%D7%97%D7%9E%D7%99%D7%95%D7%AA_%D7%AA%D7%9C%D7%9E%D7%95%D7%93_%D7%91%D7%91%D7%9C%D7%99_%D7%A7%D7%99%D7%93%D7%95%D7%A9%D7%99%D7%9F_%D7%A4%D7%A8%D7%A7_%D7%90_%D7%9E%D7%A9%D7%A0%D7%94_%D7%90_%D7%91_%D7%A2_%D7%90_%D7%99%D7%93_%D7%A2_%D7%91_,403,https://www.academia.edu/11120558/%D7%9E%D7%97%D7%91%D7%A8%D7%95%D7%AA_%D7%9E%D7%A0%D7%97%D7%9E%D7%99%D7%95%D7%AA_%D7%AA%D7%9C%D7%9E%D7%95%D7%93_%D7%91%D7%91%D7%9C%D7%99_%D7%A7%D7%99%D7%93%D7%95%D7%A9%D7%99%D7%9F_%D7%A4%D7%A8%D7%A7_%D7%90_%D7%9E%D7%A9%D7%A0%D7%94_%D7%90_%D7%91_%D7%A2_%D7%90_%D7%99%D7%93_%D7%A2_%D7%91_,Just a moment...,blocked,,,
https://www.academia.edu/13224118/%D7%9E%D7%97%D7%91%D7%A8%D7%95%D7%AA_%D7%9E%D7%A0%D7%97%D7%9E%D7%99%D7%95%D7%AA_%D7%AA%D7%9C%D7%9E%D7%95%D7%93_%D7%91%D7%91%D7%9C%D7%99_%D7%A7%D7%99%D7%93%D7%95%D7%A9%D7%99%D7%9F_%D7%A4%D7%A8%D7%A7_%D7%90_%D7%9E%D7%A9%D7%A0%D7%99%D7%95%D7%AA_%D7%91_%D7%92_%D7%9E%D7%A1%D7%9B%D7%AA_%D7%A2%D7%91%D7%93%D7%99%D7%9D_%D7%99%D7%93_%D7%A2_%D7%91_%D7%9B%D7%94_%D7%A2_%D7%91_Qiddushin,403,https://www.academia.edu/13224118/%D7%9E%D7%97%D7%91%D7%A8%D7%95%D7%AA_%D7%9E%D7%A0%D7%97%D7%9E%D7%99%D7%95%D7%AA_%D7%AA%D7%9C%D7%9E%D7%95%D7%93_%D7%91%D7%91%D7%9C%D7%99_%D7%A7%D7%99%D7%93%D7%95%D7%A9%D7%99%D7%9F_%D7%A4%D7%A8%D7%A7_%D7%90_%D7%9E%D7%A9%D7%A0%D7%99%D7%95%D7%AA_%D7%91_%D7%92_%D7%9E%D7%A1%D7%9B%D7%AA_%D7%A2%D7%91%D7%93%D7%99%D7%9D_%D7%99%D7%93_%D7%A2_%D7%91_%D7%9B%D7%94_%D7%A2_%D7%91_Qiddushin,Just a moment...,blocked,,,
https://www.academia.edu/18819286/Qiddushin_%D7%9E%D7%97%D7%91%D7%A8%D7%95%D7%AA_%D7%9E%D7%A0%D7%97%D7%9E%D7%99%D7%95%D7%AA_%D7%AA%D7%9C%D7%9E%D7%95%D7%93_%D7%91%D7%91%D7%9C%D7%99_%D7%A7%D7%99%D7%93%D7%95%D7%A9%D7%99%D7%9F_%D7%A4%D7%A8%D7%A7_%D7%90_%D7%9E%D7%A9%D7%A0%D7%99%D7%95%D7%AA_%D7%93_%D7%95_%D7%A7%D7%A0%D7%99%D7%99%D7%A0%D7%99_%D7%91%D7%94%D7%9E%D7%94_%D7%95%D7%A0%D7%9B%D7%A1%D7%99%D7%9D_%D7%9B%D7%94_%D7%A2_%D7%91_%D7%9B%D7%98_%D7%A2_%D7%90_,403,https://www.academia.edu/18819286/Qiddushin_%D7%9E%D7%97%D7%91%D7%A8%D7%95%D7%AA_%D7%9E%D7%A0%D7%97%D7%9E%D7%99%D7%95%D7%AA_%D7%AA%D7%9C%D7%9E%D7%95%D7%93_%D7%91%D7%91%D7%9C%D7%99_%D7%A7%D7%99%D7%93%D7%95%D7%A9%D7%99%D7%9F_%D7%A4%D7%A8%D7%A7_%D7%90_%D7%9E%D7%A9%D7%A0%D7%99%D7%95%D7%AA_%D7%93_%D7%95_%D7%A7%D7%A0%D7%99%D7%99%D7%A0%D7%99_%D7%91%D7%94%D7%9E%D7%94_%D7%95%D7%A0%D7%9B%D7%A1%D7%99%D7%9D_%D7%9B%D7%94_%D7%A2_%D7%91_%D7%9B%D7%98_%D7%A2_%D7%90_,Just a moment...,blocked,,,
https://www.academia.edu/21126241/%D7%9E%D7%97%D7%91%D7%A8%D7%95%D7%AA_%D7%9E%D7%A0%D7%97%D7%9E%D7%99%D7%95%D7%AA_%D7%AA%D7%9C%D7%9E%D7%95%D7%93_%D7%91%D7%91%D7%9C%D7%99_%D7%9E%D7%A1%D7%9B%D7%AA_%D7%A7%D7%99%D7%93%D7%95%D7%A9%D7%99%D7%9F_%D7%A4%D7%A8%D7%A7_%D7%90_%D7%9E%D7%A9%D7%A0%D7%99%D7%95%D7%AA_%D7%96_%D7%99_%D7%9E%D7%A1%D7%9B%D7%AA_%D7%9E%D7%A6%D7%95%D7%95%D7%AA_%D7%9B%D7%98_%D7%A2_%D7%90_%D7%9E%D7%90_%D7%A2_%D7%90_,403,https://www.academia.edu/21126241/%D7%9E%D7%97%D7%91%D7%A8%D7%95%D7%AA_%D7%9E%D7%A0%D7%97%D7%9E%D7%99%D7%95%D7%AA_%D7%AA%D7%9C%D7%9E%D7%95%D7%93_%D7%91%D7%91%D7%9C%D7%99_%D7%9E%D7%A1%D7%9B%D7%AA_%D7%A7%D7%99%D7%93%D7%95%D7%A9%D7%99%D7%9F_%D7%A4%D7%A8%D7%A7_%D7%90_%D7%9E%D7%A9%D7%A0%D7%99%D7%95%D7%AA_%D7%96_%D7%99_%D7%9E%D7%A1%D7%9B%D7%AA_%D7%9E%D7%A6%D7%95%D7%95%D7%AA_%D7%9B%D7%98_%D7%A2_%D7%90_%D7%9E%D7%90_%D7%A2_%D7%90_,Just a moment...,blocked,,,
https://www.academia.edu/24587460/%D7%9E%D7%97%D7%91%D7%A8%D7%95%D7%AA_%D7%9E%D7%A0%D7%97%D7%9E%D7%99%D7%95%D7%AA_%D7%A7%D7%99%D7%93%D7%95%D7%A9%D7%99%D7%9F_%D7%A4%D7%A8%D7%A7_%D7%91_Qiddushin,403,https://www.academia.edu/24587460/%D7%9E%D7%97%D7%91%D7%A8%D7%95%D7%AA_%D7%9E%D7%A0%D7%97%D7%9E%D7%99%D7%95%D7%AA_%D7%A7%D7%99%D7%93%D7%95%D7%A9%D7%99%D7%9F_%D7%A4%D7%A8%D7%A7_%D7%91_Qiddushin,Just a moment...,blocked,,,
https://www.academia.edu/25088401/%D7%9E%D7%97%D7%91%D7%A8%D7%95%D7%AA_%D7%9E%D7%A0%D7%97%D7%9E%D7%99%D7%95%D7%AA_%D7%A7%D7%99%D7%93%D7%95%D7%A9%D7%99%D7%9F_%D7%A4%D7%A8%D7%A7_%D7%92_%D7%A0%D7%97_%D7%A2_%D7%91_%D7%A1%D7%98_%D7%A2_%D7%90_Qiddushin,403,https://www.academia.edu/25088401/%D7%9E%D7%97%D7%91%D7%A8%D7%95%D7%AA_%D7%9E%D7%A0%D7%97%D7%9E%D7%99%D7%95%D7%AA_%D7%A7%D7%99%D7%93%D7%95%D7%A9%D7%99%D7%9F_%D7%A4%D7%A8%D7%A7_%D7%92_%D7%A0%D7%97_%D7%A2_%D7%91_%D7%A1%D7%98_%D7%A2_%D7%90_Qiddushin,Just a moment...,blocked,,,
https://www.academia.edu/25445026/%D7%9E%D7%97%D7%91%D7%A8%D7%95%D7%AA_%D7%9E%D7%A0%D7%97%D7%9E%D7%99%D7%95%D7%AA_%D7%A7%D7%99%D7%93%D7%95%D7%A9%D7%99%D7%9F_%D7%A4%D7%A8%D7%A7_%D7%93_Qiddushin,403,https://www.academia.edu/25445026/%D7%9E%D7%97%D7%91%D7%A8%D7%95%D7%AA_%D7%9E%D7%A0%D7%97%D7%9E%D7%99%D7%95%D7%AA_%D7%A7%D7%99%D7%93%D7%95%D7%A9%D7%99%D7%9F_%D7%A4%D7%A8%D7%A7_%D7%93_Qiddushin,Just a moment...,blocked,,,
https://www.academia.edu/30989122/A_Database_for_the_Research_of_Talmud_Yerushalmi_Hebrew_,403,https://www.academia.edu/30989122/A_Database_for_the_Research_of_Talmud_Yerushalmi_Hebrew_,Just a moment...,blocked,,,
https://www.academia.edu/38628191/Best_of_the_Web_for_the_Zohar_lectures_interviews_conferences_and_courses_rev_5_11_20_,403,https://www.academia.edu/38628191/Best_of_the_Web_for_the_Zohar_lectures_interviews_conferences_and_courses_rev_5_11_20_,Just a moment...,blocked,,,
https://www.academia.edu/39895312/%D7%9E%D7%95%D7%A8%D7%94_%D7%94%D7%A0%D7%91%D7%95%D7%9B%D7%99%D7%9D_%D7%A8%D7%A9%D7%99%D7%9E%D7%AA_%D7%9E%D7%95%D7%A0%D7%97%D7%99_%D7%AA%D7%A8%D7%92%D7%95%D7%9D_%D7%95%D7%91%D7%99%D7%91%D7%9C%D7%99%D7%95%D7%92%D7%A8%D7%A4%D7%99%D7%94_Guide_for_the_Perplexed_Glossary_and_bibliography,403,https://www.academia.edu/39895312/%D7%9E%D7%95%D7%A8%D7%94_%D7%94%D7%A0%D7%91%D7%95%D7%9B%D7%99%D7%9D_%D7%A8%D7%A9%D7%99%D7%9E%D7%AA_%D7%9E%D7%95%D7%A0%D7%97%D7%99_%D7%AA%D7%A8%D7%92%D7%95%D7%9D_%D7%95%D7%91%D7%99%D7%91%D7%9C%D7%99%D7%95%D7%92%D7%A8%D7%A4%D7%99%D7%94_Guide_for_the_Perplexed_Glossary_and_bibliography,Just a moment...,blocked,,,
https://www.academia.edu/59622961/_Three_Lectures_on_Habad_Hasidism_Schocken_Institute_Jerusalem_November_8_15_22_2021_Poser_Video_,403,https://www.academia.edu/59622961/_Three_Lectures_on_Habad_Hasidism_Schocken_Institute_Jerusalem_November_8_15_22_2021_Poser_Video_,Just a moment...,blocked,,,
https://www.academia.edu/62424008/Malachi_Beit_Ari%C3%A9_Hebrew_Codicology_Historical_and_Comparative_Typology_of_Medieval_Hebrew_Codices_based_on_the_Documentation_of_the_Extant_Dated_Manuscripts_until_1540_using_a_Quantitative_Approach_Jerusalem_The_Israel_Academy_of_Sciences_and_Humanities_2022_,403,https://www.academia.edu/62424008/Malachi_Beit_Ari%C3%A9_Hebrew_Codicology_Historical_and_Comparative_Typology_of_Medieval_Hebrew_Codices_based_on_the_Documentation_of_the_Extant_Dated_Manuscripts_until_1540_using_a_Quantitative_Approach_Jerusalem_The_Israel_Academy_of_Sciences_and_Humanities_2022_,Just a moment...,blocked,,,
https://www.academia.edu/72403082/Talmud_Yerushalmi_Digital_Critical_Edition_IRCDL_2022,403,https://www.academia.edu/72403082/Talmud_Yerushalmi_Digital_Critical_Edition_IRCDL_2022,Just a moment...,blocked,,,
https://www.academia.edu/72820895/Mahbarot_Menachamyiot_%D7%90%D7%A7%D7%93%D7%9E%D7%95%D7%AA_%D7%9C%D7%9E%D7%94%D7%93%D7%95%D7%A8%D7%94_%D7%A9%D7%9C_%D7%94%D7%AA%D7%9C%D7%9E%D7%95%D7%93_%D7%94%D7%91%D7%91%D7%9C%D7%99_%D7%9E%D7%A1%D7%9B%D7%AA_%D7%A7%D7%99%D7%93%D7%95%D7%A9%D7%99%D7%9F_%D7%9E%D7%97%D7%91%D7%A8%D7%95%D7%AA_%D7%9E%D7%A0%D7%97%D7%9E%D7%99%D7%95%D7%AA,403,https://www.academia.edu/72820895/Mahbarot_Menachamyiot_%D7%90%D7%A7%D7%93%D7%9E%D7%95%D7%AA_%D7%9C%D7%9E%D7%94%D7%93%D7%95%D7%A8%D7%94_%D7%A9%D7%9C_%D7%94%D7%AA%D7%9C%D7%9E%D7%95%D7%93_%D7%94%D7%91%D7%91%D7%9C%D7%99_%D7%9E%D7%A1%D7%9B%D7%AA_%D7%A7%D7%99%D7%93%D7%95%D7%A9%D7%99%D7%9F_%D7%9E%D7%97%D7%91%D7%A8%D7%95%D7%AA_%D7%9E%D7%A0%D7%97%D7%9E%D7%99%D7%95%D7%AA,Just a moment...,blocked,,,
https://www.academia.edu/83275646/Resources_for_the_Critical_Study_of_Rabbinic_Literature_in_the_Twenty_First_Century_in_Compendia_Rerum_Iudaicarum_ad_Novum_Testamentum_CRINT_16_Christine_Hayes_ed_Leiden_The_Netherlands_Brill_2022_pp_621_632,403,https://www.academia.edu/83275646/Resources_for_the_Critical_Study_of_Rabbinic_Literature_in_the_Twenty_First_Century_in_Compendia_Rerum_Iudaicarum_ad_Novum_Testamentum_CRINT_16_Christine_Hayes_ed_Leiden_The_Netherlands_Brill_2022_pp_621_632,Just a moment...,blocked,,,
https://www.academia.edu/93648655/Meta_index_of_Halacha_Bruras_index_of_scanned_Jewish_books,403,https://www.academia.edu/93648655/Meta_index_of_Halacha_Bruras_index_of_scanned_Jewish_books,Just a moment...,blocked,,,
https://www.academia.edu/94100918/Index_by_century_discussed_of_interviews_of_historians_on_Seforim_Chatter_podcast,403,https://www.academia.edu/94100918/Index_by_century_discussed_of_interviews_of_historians_on_Seforim_Chatter_podcast,Just a moment...,blocked,,,
https://www.academia.edu/94396791/List_of_some_Greek_loan_words_in_Hazalic_writings,403,https://www.academia.edu/94396791/List_of_some_Greek_loan_words_in_Hazalic_writings,Just a moment...,blocked,,,
https://www.amazon.com/Cambridge-Companion-Rabbinic-Literature-Companions-ebook/dp/B00AA8JWQ0/,200,https://www.amazon.com/Cambridge-Companion-Rabbinic-Literature-Companions-ebook/dp/B00AA8JWQ0/,"The Cambridge Companion to the Talmud and Rabbinic Literature (Cambridge Companions to Religion) - Kindle edition by Fonrobert, Charlotte Elisheva, Jaffee, Martin S.. Religion & Spirituality Kindle eB",ok,,,
https://www.amazon.com/dp/B00B4FJ9BQ,200,https://www.amazon.com/dp/B00B4FJ9BQ,"Amazon.com: The Jewish Enlightenment (Jewish Culture and Contexts) eBook : Feiner, Shmuel, Naor, Chaya: Kindle Store",ok,,,
https://www.amazon.com/dp/B00DY57D6C,200,https://www.amazon.com/dp/B00DY57D6C,"The Formation of the Babylonian Talmud - Kindle edition by Halivni, David Weiss, Rubenstein, Jeffrey L., Rubenstein, Jeffrey L.. Religion & Spirituality Kindle eBooks @ Amazon.com.",ok,,,
https://www.amazon.com/dp/B00SVSGVSI/,200,https://www.amazon.com/dp/B00SVSGVSI/,"From the Maccabees to the Mishnah, Third Edition - Kindle edition by Cohen, Shaye. Religion & Spirituality Kindle eBooks @ Amazon.com.",ok,,,
https://www.amazon.com/dp/B084YWP1C8,200,https://www.amazon.com/dp/B084YWP1C8,"The Iranian Talmud: Reading the Bavli in Its Sasanian Context (Divinations: Rereading Late Ancient Religion) - Kindle edition by Secunda, Shai. Religion & Spirituality Kindle eBooks @ Amazon.com.",ok,,,
https://www.ariel.ac.il/wp/moreshet-israel-jurnal/,247,https://www.ariel.ac.il/wp/moreshet-israel-jurnal/,,ok,,,
https://www.associationforjewishstudies.org/professional-development/professional-development/digital-jewish-studies/perspectives-on-technology/online-resources-for-talmud-research-study-and-teaching,404,https://www.associationforjewishstudies.org/professional-development/professional-development/digital-jewish-studies/perspectives-on-technology/online-resources-for-talmud-research-study-and-teaching,,dead-404,,,
https://www.balashon.com/,200,https://www.balashon.com/,Balashon - Hebrew Language Detective,ok,,,
https://www.bhol.co.il/forums/forum.asp?cat_id=38&forum_id=19616,200,https://forums.bhol.co.il/forums/forum.asp?cat_id=38&forum_id=19616,ôåøåí: ñôøéí åñåôøéí - ùéøä ñôøåú åôøåæä  áçãøé çøãéí,moved-host,,,
https://www.bonayich.com/project/otzar-hadmuyot/,200,https://www.bonayich.com/project/otzar-hadmuyot/,Otzar Hadmuyot - Bonayich,ok,,,
https://www.cambridge.org/core/books/book-in-the-jewish-world-17001900/558158449B2B59B5694979AE0DB6746C,200,https://www.cambridge.org/core/books/book-in-the-jewish-world-17001900/558158449B2B59B5694979AE0DB6746C,"The Book in the Jewish World, 1700–1900",ok,,,
https://www.cantors.org/journal-of-synagogue-music/,200,https://www.cantors.org/journal-of-synagogue-music/,Journal of Synagogue Music Archive - Cantors Assembly,ok,,,
https://www.chronicle.com/article/metrics-mania/,200,https://www.chronicle.com/article/metrics-mania/,The Case Against Academia.edu,ok,,,
https://www.cotar-online.co.il/default.aspx?action=showKitveiEt,200,https://www.cotar-online.co.il/default.aspx?action=showKitveiEt,Cotar Project - Collection Of Torah Articles | פרויקט כותר - מאגר ממוחשב של מאמרים תורניים,ok,,,
https://www.daat.ac.il/,0,,,timeout,"ReadTimeout: HTTPSConnectionPool(host='www.daat.ac.il', port=443): Read timed out. (read timeout=30)",,
https://www.degruyter.com/document/doi/10.1515/9783110709834/html,202,https://www.degruyterbrill.com:443/document/doi/10.1515/9783110709834/html,,moved-host,,,
https://www.degruyter.com/search?query=licenseType%3A%22open-access%22&startItem=0&pageSize=10&sortBy=relevance&subjectFacet=JS&documentTypeFacet=book&languageFacet=en,202,https://www.degruyterbrill.com:443/search?query=licenseType%3A%22open-access%22&startItem=0&pageSize=10&sortBy=relevance&subjectFacet=JS&documentTypeFacet=book&languageFacet=en,,moved-host,,,
https://www.degruyter.com/serial/jertal-b/html,200,https://www.degruyterbrill.com:443/serial/jertal-b/html,"The Jerusalem Talmud - Edition, Translation, and Commentary",moved-host,,,
https://www.digitalhumanities.org/dhq/vol/17/1/000651/000651.html,200,https://dhq.digitalhumanities.org/vol/17/1/000651/000651.html,DHQ: Digital Humanities Quarterly: Tiresias: A Novel Approach for Mining Book Indices,moved-host,,,
https://www.eurojewishstudies.org/digital-forum-showcase-reports/epidat/,200,https://www.eurojewishstudies.org/digital-forum-showcase-reports/epidat/,Digital Forum Showcases: Epidat – European Association for Jewish Studies,ok,,,
https://www.eurojewishstudies.org/digital-forum-showcase-reports/escriptorium/,200,https://www.eurojewishstudies.org/digital-forum-showcase-reports/escriptorium/,Digital Forum Showcases: eScriptorium – European Association for Jewish Studies,ok,,,
https://www.eurojewishstudies.org/wp-content/uploads/2018/06/eajs-resources-17-09-07.pdf,200,https://www.eurojewishstudies.org/wp-content/uploads/2018/06/eajs-resources-17-09-07.pdf,,ok,,,
https://www.ezrabrand.com/,200,https://www.ezrabrand.com/,Talmud & Tech | Ezra Brand | Substack,ok,,,
https://www.ezrabrand.com/p/cataloguing-my-blogposts-an-organized-78d,200,https://www.ezrabrand.com/p/cataloguing-my-blogposts-an-organized-78d,Cataloging My Blogposts: An Organized Breakdown by Category,ok,,,
https://www.ezrabrand.com/p/evaluating-al-hatorahs-digital-repository,200,https://www.ezrabrand.com/p/evaluating-al-hatorahs-digital-repository,"Evaluating Al-Hatorah's Digital Repository: Exploring Its Excellent Tanakh and Talmud Commentaries, and More",ok,,,
https://www.facebook.com/NEAlibrary/?ref=aymt_homepage_panel,400,https://www.facebook.com/NEAlibrary/?ref=aymt_homepage_panel,Error,dead-400,,,
https://www.facebook.com/groups/2213868834/,400,https://www.facebook.com/groups/2213868834/,Error,dead-400,,,
https://www.facebook.com/nathan.hirsch1,400,https://www.facebook.com/nathan.hirsch1,Error,dead-400,,,
https://www.fdr.uni-hamburg.de/record/9349#.YkQDuihBxPZ,200,https://www.fdr.uni-hamburg.de/record/9349#.YkQDuihBxPZ,Hebrew Codicology | ZFDM Repository,ok,,,
https://www.forbes.com/sites/drsarahbond/2017/01/23/dear-scholars-delete-your-account-at-academia-edu/?sh=17bc56872d62,403,https://www.forbes.com/sites/drsarahbond/2017/01/23/dear-scholars-delete-your-account-at-academia-edu/?sh=17bc56872d62,forbes.com,blocked,,,
https://www.gemaraberura.com/app/,200,https://www.gemaraberura.com/app/,Gemara Berura,ok,,,
https://www.google.com/search?q=Encyclopaedia+Judaica+site%3Ahttps%3A%2F%2Fwww.encyclopedia.com%2F&lr=&safe=images&as_qdr=all&sxsrf=AOaemvKXF14_YwN1km1VZc1A5Ydsgo3PZg%3A1643176582404&ei=huLwYeb2F_2p9u8PwNiUwAk&ved=0ahUKEwjm0fzj3c71AhX9lP0HHUAsBZgQ4dUDCA4&uact=5&oq=Encyclopaedia+Judaica+site%3Ahttps%3A%2F%2Fwww.encyclopedia.com%2F&gs_lcp=Cgdnd3Mtd2l6EAM6BwgAEEcQsANKBAhBGABKBAhGGABQ7ANYtDBg-zNoAXACeACAAWuIAdYBkgEDMC4ymAEAoAECoAEByAEDwAEB&sclient=gws-wiz,200,https://www.google.com/search?q=Encyclopaedia+Judaica+site%3Ahttps%3A%2F%2Fwww.encyclopedia.com%2F&lr=&safe=images&as_qdr=all&sxsrf=AOaemvKXF14_YwN1km1VZc1A5Ydsgo3PZg%3A1643176582404&ei=huLwYeb2F_2p9u8PwNiUwAk&ved=0ahUKEwjm0fzj3c71AhX9lP0HHUAsBZgQ4dUDCA4&uact=5&oq=Encyclopaedia+Judaica+site%3Ahttps%3A%2F%2Fwww.encyclopedia.com%2F&gs_lcp=Cgdnd3Mtd2l6EAM6BwgAEEcQsANKBAhBGABKBAhGGABQ7ANYtDBg-zNoAXACeACAAWuIAdYBkgEDMC4ymAEAoAECoAEByAEDwAEB&sclient=gws-wiz,Google Search,ok,,,
https://www.haaretz.co.il/magazine/the-edge/mehasafa/.premium-1.2853618,200,https://www.haaretz.co.il/magazine/the-edge/mehasafa/2016-02-17/ty-article/.premium/0000017f-db69-df62-a9ff-dfff7bfc0000,המילה שַׁחְצָן: מה הקשר בין אריות לנחשים וביניהם לבין יוהרה? - מהשפה פנימה,redirect,,,
https://www.hamichlol.org.il/%D7%A7%D7%98%D7%92%D7%95%D7%A8%D7%99%D7%94:%D7%94%D7%9E%D7%9B%D7%9C%D7%95%D7%9C:_%D7%A2%D7%A8%D7%9B%D7%99%D7%9D_%D7%A9%D7%A0%D7%95%D7%A6%D7%A8%D7%95_%D7%91%D7%9E%D7%9B%D7%9C%D7%95%D7%9C,403,https://www.hamichlol.org.il/%D7%A7%D7%98%D7%92%D7%95%D7%A8%D7%99%D7%94:%D7%94%D7%9E%D7%9B%D7%9C%D7%95%D7%9C:_%D7%A2%D7%A8%D7%9B%D7%99%D7%9D_%D7%A9%D7%A0%D7%95%D7%A6%D7%A8%D7%95_%D7%91%D7%9E%D7%9B%D7%9C%D7%95%D7%9C,Just a moment...,blocked,,,
https://www.hassidout.org/hassidout/Textes_Kodech/Kabbalah/index.php-rootid=103.htm,200,https://www.hassidout.org/hassidout/Textes_Kodech/Kabbalah/index.php-rootid=103.htm,Sifrey Kabbalah (hebrew),ok,,,
https://www.hebrewbooks.org/journals,200,https://www.hebrewbooks.org/journals,HebrewBooks.org - Browse Seforim,ok,,,
https://www.heichal.co.il/departments/%D7%A1%D7%A4%D7%A8%D7%99%D7%9D/1,200,https://www.heichal.co.il/departments/%D7%A1%D7%A4%D7%A8%D7%99%D7%9D/1,ספרים - היכל מנחם,ok,,,
https://www.herzog.ac.il/library-page/%d7%9e%d7%90%d7%92%d7%a8%d7%99%d7%9d-%d7%91%d7%97%d7%95%d7%92-%d7%9c%d7%9c%d7%a9%d7%95%d7%9f-%d7%a2%d7%91%d7%a8%d7%99%d7%aa/,403,https://www.herzog.ac.il/library-page/%D7%9E%D7%90%D7%92%D7%A8%D7%99%D7%9D-%D7%91%D7%97%D7%95%D7%92-%D7%9C%D7%9C%D7%A9%D7%95%D7%9F-%D7%A2%D7%91%D7%A8%D7%99%D7%AA/,Blocked,blocked,,,
https://www.herzog.ac.il/library-page/%d7%9e%d7%90%d7%92%d7%a8%d7%99%d7%9d-%d7%91%d7%97%d7%95%d7%92-%d7%9c%d7%9e%d7%97%d7%a9%d7%91%d7%aa-%d7%99%d7%a9%d7%a8%d7%90%d7%9c/,403,https://www.herzog.ac.il/library-page/%D7%9E%D7%90%D7%92%D7%A8%D7%99%D7%9D-%D7%91%D7%97%D7%95%D7%92-%D7%9C%D7%9E%D7%97%D7%A9%D7%91%D7%AA-%D7%99%D7%A9%D7%A8%D7%90%D7%9C/,Blocked,blocked,,,
https://www.herzog.ac.il/library-page/%d7%9e%d7%90%d7%92%d7%a8%d7%99%d7%9d-%d7%91%d7%97%d7%95%d7%92-%d7%9c%d7%a1%d7%a4%d7%a8%d7%95%d7%aa-%d7%a2%d7%91%d7%a8%d7%99%d7%aa/,403,https://www.herzog.ac.il/library-page/%D7%9E%D7%90%D7%92%D7%A8%D7%99%D7%9D-%D7%91%D7%97%D7%95%D7%92-%D7%9C%D7%A1%D7%A4%D7%A8%D7%95%D7%AA-%D7%A2%D7%91%D7%A8%D7%99%D7%AA/,Blocked,blocked,,,
https://www.jewishencyclopedia.com/,200,https://www.jewishencyclopedia.com/,JewishEncyclopedia.com,ok,,,
https://www.jewishinternetguide.com/,200,https://www.jewishinternetguide.com/,The Jewish Guide to the Internet,ok,,,
https://www.jewishinternetguide.com/JewishWebsiteCategories/Books,200,https://www.jewishinternetguide.com/JewishWebsiteCategories/Books,Jewish Internet,ok,,,
https://www.jmberlin.de/en/digitized-historical-magazines-and-present-day-academic-journals,200,https://www.jmberlin.de/en/digitized-historical-magazines-and-present-day-academic-journals,Digitized Historical Magazines and Present-Day Academic Journals | Jewish Museum Berlin,ok,,,
https://www.jmberlin.de/en/links-other-libraries-and-archives,200,https://www.jmberlin.de/en/links-other-libraries-and-archives,Links to Libraries and Archives | Jewish Museum Berlin,ok,,,
https://www.jstor.org/publisher/bjs,200,https://www.jstor.org/publisher/bjs,Client Challenge,ok,,,
https://www.jstor.org/subject/jewishstudies,200,https://www.jstor.org/subject/jewishstudies,Client Challenge,ok,,,
https://www.lieberman-institute.com/,200,https://www.lieberman-institute.com/,עדי הנוסח- דף הבית,ok,,,
https://www.maanelashon.org/links,404,https://www.maanelashon.org/links,,dead-404,,,
https://www.magnespress.co.il/category/%D7%9E%D7%93%D7%A2%D7%99_%D7%94%D7%99%D7%94%D7%93%D7%95%D7%AA-76?format=ebook,200,https://www.magnespress.co.il/category/%D7%9E%D7%93%D7%A2%D7%99_%D7%94%D7%99%D7%94%D7%93%D7%95%D7%AA-76?format=ebook,Buy online ebooks on מדעי היהדות : magnespress.co.il,ok,,,
https://www.makorrishon.co.il/,200,https://www.makorrishon.co.il/,"מקור ראשון - חדשות, פרשנות, דעות וכתבות מגזין מהארץ ומהעולם",ok,,,
https://www.makorrishon.co.il/tag/%D7%9E%D7%95%D7%A1%D7%A3-%D7%A9%D7%91%D7%AA/,200,https://www.makorrishon.co.il/tag/50041,מוסף שבת - מקור ראשון,redirect,,,
https://www.mayim.org.il/publications/#gsc.tab=0,200,https://www.mayim.org.il/publications/#gsc.tab=0,מבוא למדרשים | מחלקי המים,ok,,,
https://www.mgketer.org/,200,https://www.mgketer.org/,"תנ""ך - מקראות גדולות הכתר -",ok,,,
https://www.myjewishlearning.com/category/study/jewish-history/ancient-medieval-jewish-history/,200,https://www.myjewishlearning.com/category/study/jewish-history/ancient-medieval-jewish-history/,Ancient/Medieval Jewish History Archives | My Jewish Learning,ok,,,
https://www.nevo.co.il/Books.aspx?Type=1,200,https://www.nevo.co.il/FilesFolderPermalink.aspx?b=books&r=%d7%9b%d7%aa%d7%91%d7%99+%d7%a2%d7%aa,נבו - המאגר המשפטי - מדור כתבי עת,redirect,,,
https://www.nli.org.il/en/discover/judaism/jewish-bookshelf/zohar/scholem-card-catalog,403,https://www.nli.org.il/en/discover/judaism/jewish-bookshelf/zohar/scholem-card-catalog,Checking your browser...,blocked,,,
https://www.nli.org.il/en/newspapers/haretz/,403,https://www.nli.org.il/en/newspapers/haretz/,Checking your browser...,blocked,,,
https://www.nli.org.il/en/research-and-teach/catalogs/bibliographic-databases,403,https://www.nli.org.il/en/research-and-teach/catalogs/bibliographic-databases,Checking your browser...,blocked,,,
https://www.nli.org.il/he/at-your-service/document-delivery-service/scans-within-library,403,https://www.nli.org.il/he/at-your-service/document-delivery-service/scans-within-library,Checking your browser...,blocked,,,
https://www.nli.org.il/he/at-your-service/who-we-are/depositing/statistics/2020-book-week-report,403,https://www.nli.org.il/he/at-your-service/who-we-are/depositing/statistics/2020-book-week-report,Checking your browser...,blocked,,,
https://www.nli.org.il/he/books/NNL_ALEPH001091556/NLI,403,https://www.nli.org.il/he/books/NNL_ALEPH001091556/NLI,Checking your browser...,blocked,,,
https://www.nli.org.il/he/research-and-teach/catalogs,403,https://www.nli.org.il/he/research-and-teach/catalogs,Checking your browser...,blocked,,,
https://www.nli.org.il/he/research-and-teach/catalogs/bibliographic-databases/rambi,403,https://www.nli.org.il/he/research-and-teach/catalogs/bibliographic-databases/rambi,Checking your browser...,blocked,,,
https://www.nli.org.il/he/research-and-teach/catalogs/bibliographic-databases/rambi/kiryat-sefer,403,https://www.nli.org.il/he/research-and-teach/catalogs/bibliographic-databases/rambi/kiryat-sefer,Checking your browser...,blocked,,,
https://www.otzar.org/mekuvan-mosdot.asp,200,https://www.otzar.org/mekuvan-mosdot.asp,××××¦×¨ ×××§×××,ok,,,
https://www.otzar.org/otzaren/indexeng.asp,200,https://www.otzar.org/otzaren/indexeng.asp,"156,000 Judaica books online. Otzar HaHochma is the world's largest digital library of 156,000 Judaic books / Jewish books /Sifrei Kodesh /Hebrew books encompassing all realms of Judaism and the Torah",ok,,,
https://www.oxfordbibliographies.com/obo/page/jewish-studies,403,https://academic.oup.com/oxford-bibliographies,Just a moment...,blocked,,,
https://www.qerovot18.com/,0,,,connection-refused,"ConnectionError: ('Connection aborted.', ConnectionResetError(10054, 'An existing connection was forcibly closed by the remote host', None, 10054, None))",,
https://www.rabbinics.org/,200,https://www.rabbinics.org/,Sources | Rabbinics,ok,,,
https://www.researchgate.net/publication/264205341_A_Catalogue_of_Digital_Editions,403,https://www.researchgate.net/publication/264205341_A_Catalogue_of_Digital_Editions,ResearchGate - Temporarily Unavailable,blocked,,,
https://www.responsa.co.il/home.en-US.aspx,200,https://www.responsa.co.il/home.en-US.aspx,Online Responsa Project - vast Jewish sources,ok,,,
https://www.ruvik.co.il/%D7%A1%D7%99%D7%A4%D7%95%D7%A8%D7%99-%D7%9E%D7%99%D7%9C%D7%99%D7%9D.aspx,200,https://www.ruvik.co.il/%D7%A1%D7%99%D7%A4%D7%95%D7%A8%D7%99-%D7%9E%D7%99%D7%9C%D7%99%D7%9D.aspx,סיפורי מילים,ok,,,
https://www.safa-ivrit.org/links.php,200,https://www.safa-ivrit.org/links.php,השפה העברית - קישורים,ok,,,
https://www.safa-ivrit.org/site_map.php,200,https://www.safa-ivrit.org/site_map.php,השפה העברית - רשימת הנושאים,ok,,,
https://www.sefaria.org/Hafla'ah_ShebaArakhin_on_Sefer_HeArukh,200,https://www.sefaria.org.il/Hafla%27ah_ShebaArakhin_on_Sefer_HeArukh,הפלאה שבערכין על ספר הערוך | Sefaria Library,moved-host,,,
https://www.sefaria.org/Jastrow,200,https://www.sefaria.org.il/Jastrow,מילון יסטרוב | Sefaria Library,moved-host,,,
https://www.sefaria.org/Sefer_HeArukh,200,https://www.sefaria.org.il/Sefer_HeArukh,ספר הערוך | Sefaria Library,moved-host,,,
https://www.sefaria.org/texts,200,https://www.sefaria.org.il/texts,ספריא: ספרייה חיה של טקסטים יהודיים,moved-host,,,
https://www.sefaria.org/texts/Mishnah/Modern%20Commentary%20on%20Mishnah/Mishnat%20Eretz%20Yisrael,200,https://www.sefaria.org.il/texts/Mishnah/Modern%20Commentary%20on%20Mishnah/Mishnat%20Eretz%20Yisrael,"משנה, פירושים מודרניים על המשנה, משנת ארץ ישראל | Sefaria Library",moved-host,,,
https://www.sefaria.org/texts/Talmud,200,https://www.sefaria.org.il/texts/Talmud,תלמוד | Sefaria Library,moved-host,,,
https://www.sefaria.org/texts/Talmud/Yerushalmi,200,https://www.sefaria.org.il/texts/Talmud/Yerushalmi,"תלמוד, ירושלמי | Sefaria Library",moved-host,,,
https://www.sefarim.fr/hamore/ref-Sifria_Magazines_Revue%20des%20%E9tudes%20juives_65_145.aspx,200,https://www.sefarim.fr/hamore/ref-Sifria_Magazines_Revue%20des%20%E9tudes%20juives_65_145.aspx,Hamore,ok,,,
https://www.seforimchatter.com/2021/10/10/with-dr-ezra-chwat-discussing-the-rif-rav-yitzchak-alfasi-1013-1103-and-his-new-critical-edition/,200,https://seforimchatter.com/2021/10/10/with-dr-ezra-chwat-discussing-the-rif-rav-yitzchak-alfasi-1013-1103-and-his-new-critical-edition/,Seforim Chatter,redirect,,,
https://www.seforimchatter.com/podcasts/,200,https://seforimchatter.com/podcasts/,Seforim Chatter,redirect,,,
https://www.seforimchatter.com/tweets/,200,https://seforimchatter.com/tweets/,Seforim Chatter,redirect,,,
https://www.seforimonline.org/seforim-database/,403,https://www.gbo303-ac.com/,Just a moment...,blocked,,,
https://www.sup.org/zohar/aramaic/,200,https://www.sup.org/zohar/aramaic,Aramaic Texts to Accompany the Zohar | Stanford University Press,ok,,,
https://www.tabletmag.com/,403,https://www.tabletmag.com/,Just a moment...,blocked,,,
https://www.talmudyerushalmi.com/,200,https://www.talmudyerushalmi.com/,×ª×××× ××¨××©×××,ok,,,
https://www.tau.ac.il/sites/tau.ac.il.en/files/media_server/imported/508/files/2014/10/elior-25.11.2013.pdf,200,https://www.tau.ac.il/sites/tau.ac.il.en/files/media_server/imported/508/files/2014/10/elior-25.11.2013.pdf,,ok,,,
https://www.tekhelet.com/library/,200,https://www.tekhelet.com/library/,Library Search - Ptil Tekhelet,ok,,,
https://www.themercava.com/app/books/metanav/1695,200,https://www.themercava.com/app/books/metanav/1695,Mercava,ok,,,
https://www.ub.uni-frankfurt.de/judaica3/en/corona_en.html,200,https://www.jewishstudies.de/en/,,moved-host,,,
https://www.ybz.org.il/?CategoryID=287&SearchParam=,200,https://ybz.org.il/product-category/%d7%9b%d7%aa%d7%91-%d7%a2%d7%aa/?search_key=228,כתב-עת - יד יצחק בן־צבי,redirect,,,
https://www.ybz.org.il/?CategoryID=790,200,https://ybz.org.il/?CategoryID=790,"יד יצחק בן־צבי | מוסד ממלכתי למחקר, תרבות וחינוך",redirect,,,
https://www.ybz.org.il/cathedra/gilyonot,404,https://ybz.org.il/cathedra/gilyonot,Page not found - יד יצחק בן־צבי,dead-404,,,
https://www.yeshiva.org.il/wiki/index.php/%D7%95%D7%99%D7%A7%D7%99%D7%A9%D7%99%D7%91%D7%94:%D7%90%D7%A0%D7%A6%D7%99%D7%A7%D7%9C%D7%95%D7%A4%D7%93%D7%99%D7%94_%D7%AA%D7%9C%D7%9E%D7%95%D7%93%D7%99%D7%AA,200,https://www.yeshiva.org.il/wiki/index.php/%D7%95%D7%99%D7%A7%D7%99%D7%A9%D7%99%D7%91%D7%94:%D7%90%D7%A0%D7%A6%D7%99%D7%A7%D7%9C%D7%95%D7%A4%D7%93%D7%99%D7%94_%D7%AA%D7%9C%D7%9E%D7%95%D7%93%D7%99%D7%AA,ויקישיבה:אנציקלופדיה תלמודית - ויקישיבה,ok,,,
https://www.youtube.com/c/AllDaf/videos,200,https://www.youtube.com/c/AllDaf/videos,,ok,,,
https://www.youtube.com/c/TorahinMotion/videos,200,https://www.youtube.com/c/TorahinMotion/videos,,ok,,,
https://www.youtube.com/c/barilanuniversity/videos,200,https://www.youtube.com/c/barilanuniversity/videos,,ok,,,
https://www.youtube.com/c/yadybenzvi/videos,200,https://www.youtube.com/c/yadybenzvi/videos,,ok,,,
https://www.youtube.com/channel/UCR6pKCe9d3jczqrMnOls4Pw/videos,200,https://www.youtube.com/channel/UCR6pKCe9d3jczqrMnOls4Pw/videos,,ok,,,
https://www.youtube.com/channel/UCZ04ugbTVoUm5W0b6j-YKGA/videos,200,https://www.youtube.com/channel/UCZ04ugbTVoUm5W0b6j-YKGA/videos,,ok,,,
https://www.youtube.com/channel/UCwLJ3A3MauDGLxLMIKuaqEQ/videos,200,https://www.youtube.com/channel/UCwLJ3A3MauDGLxLMIKuaqEQ/videos,,ok,,,
https://www.youtube.com/user/HebrewUniversity/videos,200,https://www.youtube.com/user/HebrewUniversity/videos,,ok,,,
https://www.youtube.com/user/NLI2010/videos,200,https://www.youtube.com/user/NLI2010/videos,,ok,,,
https://www.youtube.com/user/TheIsraelAcademy/featured,200,https://www.youtube.com/user/TheIsraelAcademy/featured,,ok,,,
https://www.youtube.com/user/TheIsraelAcademy/videos,200,https://www.youtube.com/user/TheIsraelAcademy/videos,,ok,,,
https://www.zemirotdatabase.org/song_index.php,200,https://www.zemirotdatabase.org/song_index.php,Song Index,ok,,,
https://www2.biu.ac.il/Academics/phd_heb/index-JSn.html,200,https://www2.biu.ac.il/Academics/phd_heb/index-JSn.html,Academic Programs - Jewish studies(Hebrew),ok,,,
https://www2.biu.ac.il/jh/parasha/,200,https://www2.biu.ac.il/jh/parasha/,,ok,,,
https://www2.biu.ac.il/js/tl/yerushalmi/index.html,200,https://www2.biu.ac.il/js/tl/yerushalmi/index.html,î÷áéìåú ìéøåùìîé,ok,,,
https://yerushalmidb.com/,200,https://yerushalmidb.com/,מערכת מידע התלמוד הירושלמי,ok,,,
https://youtu.be/8ey_9QBvv2w,200,https://www.youtube.com/watch?v=8ey_9QBvv2w&feature=youtu.be,,moved-host,,,
https://youtu.be/bCwfzfU4AJI,200,https://www.youtube.com/watch?v=bCwfzfU4AJI&feature=youtu.be,,moved-host,,,
https://youtu.be/rsRBlTIdPxA,200,https://www.youtube.com/watch?v=rsRBlTIdPxA&feature=youtu.be,,moved-host,,,
https://youtu.be/tut007D6w3o,200,https://www.youtube.com/watch?v=tut007D6w3o&feature=youtu.be,,moved-host,,,
https://youtu.be/v561mI90BLg,200,https://www.youtube.com/watch?v=v561mI90BLg&feature=youtu.be,,moved-host,,,
https://youtube.com/playlist?list=PLGQrWlI7O--7uHNeabUKagPJ5vcjOVoUm,200,https://www.youtube.com/playlist?list=PLGQrWlI7O--7uHNeabUKagPJ5vcjOVoUm,,redirect,,,
